session_path,subject_id,session_id,trial,trial_uid,id,photostim_onset,photostim_power,photostim_duration,task,task_protocol,trial_instruction,early_lick,outcome,auto_water,free_water,start_time,stop_time,presample_start_times,presample_stop_times,sample_start_times,sample_stop_times,delay_start_times,delay_stop_times,go_start_times,go_stop_times,left_lick_times,right_lick_times,photostim_start_times,photostim_stop_times,trial_time_total,trialend_start_times,trialend_stop_times
sub-440957/sub-440957_ses-20190211T143614_behavior+ecephys+image+ogen.nwb,440957,,1,1,0,N/A,N/A,N/A,audio delay,1,left,no early,miss,0,0,0.0,3.4944,0.5,1.3128,1.3128,1.9628,1.9628,3.1628,3.1628,,,3.3944,,,3.4944,,
sub-440957/sub-440957_ses-20190211T143614_behavior+ecephys+image+ogen.nwb,440957,,2,2,1,N/A,N/A,N/A,audio delay,1,left,no early,hit,0,0,5.7592,10.7399,6.2592,7.1361,7.1361,7.7861,7.7861,8.9861,8.9861,10.4861,"9.2149, 9.3492, 9.5217, 9.6335, 9.7623, 9.8974, 10.0296, 10.1548, 10.2786, 10.4035, 10.5333, 10.6732",,,,4.980700000000001,,
sub-440957/sub-440957_ses-20190211T143614_behavior+ecephys+image+ogen.nwb,440957,,3,3,2,N/A,N/A,N/A,audio delay,1,left,early,miss,0,0,15.3907,19.1559,15.8907,16.6425,16.6425,17.2925,17.6908,18.8908,18.8908,,"16.8101, 16.9408",19.0559,,,3.7651999999999983,,
sub-440957/sub-440957_ses-20190211T143614_behavior+ecephys+image+ogen.nwb,440957,,4,4,3,N/A,N/A,N/A,audio delay,1,left,early,miss,0,0,21.005,24.653,21.505,22.2935,22.2935,22.9435,23.1705,24.3705,24.3705,,22.4205,24.5530,,,3.6479999999999997,,
sub-440957/sub-440957_ses-20190211T143614_behavior+ecephys+image+ogen.nwb,440957,,5,5,4,N/A,N/A,N/A,audio delay,1,left,no early,hit,0,0,26.8577,31.6944,27.3577,28.0306,28.0306,28.6806,28.6806,29.8806,29.8806,31.3806,"30.1694, 30.3121, 30.4377, 30.5870, 30.7387, 30.8831, 31.0158, 31.1425, 31.2651, 31.3956, 31.5338, 31.6905",,,,4.8367,,
sub-440957/sub-440957_ses-20190211T143614_behavior+ecephys+image+ogen.nwb,440957,,6,6,5,N/A,N/A,N/A,audio delay,1,left,no early,miss,0,0,34.4371,37.9756,34.9371,35.7427,35.7427,36.3927,36.3927,37.5927,37.5927,,,37.8756,,,3.538499999999999,,
sub-440957/sub-440957_ses-20190211T143614_behavior+ecephys+image+ogen.nwb,440957,,7,7,6,N/A,N/A,N/A,audio delay,1,left,no early,miss,0,0,39.7804,43.1623,40.2804,41.0019,41.0019,41.6519,41.6519,42.8519,42.8519,,,43.0623,,,3.3819000000000017,,
sub-440957/sub-440957_ses-20190211T143614_behavior+ecephys+image+ogen.nwb,440957,,8,8,7,N/A,N/A,N/A,audio delay,1,left,no early,hit,0,0,45.3469,50.4085,45.8469,46.729,46.729,47.379,47.379,48.579,48.579,50.079,"48.8835, 48.9989, 49.1690, 49.2911, 49.4479, 49.6011, 49.7521, 49.8999, 50.0150, 50.1482, 50.3077",,,,5.0615999999999985,,
sub-440957/sub-440957_ses-20190211T143614_behavior+ecephys+image+ogen.nwb,440957,,9,9,8,N/A,N/A,N/A,audio delay,1,left,no early,hit,0,0,53.5755,58.4963,54.0755,54.8763,54.8763,55.5263,55.5263,56.7263,56.7263,58.2263,"56.9713, 57.0542, 57.2074, 57.3374, 57.4686, 57.6334, 57.7933, 57.9211, 58.0536, 58.2025, 58.3259, 58.4838",,,,4.9208,,
sub-440957/sub-440957_ses-20190211T143614_behavior+ecephys+image+ogen.nwb,440957,,10,10,9,N/A,N/A,N/A,audio delay,1,right,no early,hit,0,0,60.8938,65.6848,61.3938,62.1924,62.1924,62.8424,62.8424,64.0424,64.0424,65.5424,,"64.1598, 64.2752, 64.4211, 64.5405, 64.6740, 64.8802, 65.0072, 65.3290, 65.4907",,,4.790999999999997,,
sub-440957/sub-440957_ses-20190211T143614_behavior+ecephys+image+ogen.nwb,440957,,11,11,10,N/A,N/A,N/A,audio delay,1,right,early,hit,0,0,67.482,73.7953,67.982,68.7964,68.7964,69.4464,69.4464,70.6867,72.1563,73.6563,,"70.5867, 70.7237, 70.8563, 72.2703, 72.4154, 72.5706, 72.6983, 72.8445, 73.0001, 73.1165, 73.2567, 73.4362, 73.5720, 73.7327",,,6.313299999999998,,
sub-440957/sub-440957_ses-20190211T143614_behavior+ecephys+image+ogen.nwb,440957,,12,12,11,N/A,N/A,N/A,audio delay,1,right,no early,hit,0,0,76.8397,81.5881,77.3397,78.1153,78.1153,78.7653,78.7653,79.9653,79.9653,81.4653,,"80.0631, 80.2039, 80.3370, 80.4655, 80.6351, 80.7577, 80.9102, 81.0296, 81.1825, 81.3761, 81.4905",,,4.748400000000004,,
sub-440957/sub-440957_ses-20190211T143614_behavior+ecephys+image+ogen.nwb,440957,,13,13,12,N/A,N/A,N/A,audio delay,1,right,no early,hit,0,0,83.7531,88.4343,84.2531,84.965,84.965,85.615,85.615,86.815,86.815,88.315,,"86.9093, 87.0321, 87.1831, 87.3316, 87.4829, 87.6202, 87.7836, 87.9336, 88.0728, 88.2192, 88.3881",,,4.68119999999999,,
sub-440957/sub-440957_ses-20190211T143614_behavior+ecephys+image+ogen.nwb,440957,,14,14,13,N/A,N/A,N/A,audio delay,1,left,no early,miss,0,0,90.6364,94.0677,91.1364,92.0081,92.0081,92.6581,92.6581,93.8581,93.8581,,,93.9677,,,3.4313000000000073,,
sub-440957/sub-440957_ses-20190211T143614_behavior+ecephys+image+ogen.nwb,440957,,15,15,14,N/A,N/A,N/A,audio delay,1,left,no early,miss,0,0,95.9233,99.221,96.4233,97.155,97.155,97.805,97.805,99.005,99.005,,,99.1210,,,3.297700000000006,,
sub-440957/sub-440957_ses-20190211T143614_behavior+ecephys+image+ogen.nwb,440957,,16,16,15,N/A,N/A,N/A,audio delay,1,left,no early,hit,0,0,101.0437,105.9321,101.5437,102.251,102.251,102.901,102.901,104.101,104.101,105.601,"104.4071, 104.5490, 104.7105, 104.8350, 104.9707, 105.1281, 105.3016, 105.4431, 105.5979, 105.7351, 105.8768",,,,4.888400000000004,,
sub-440957/sub-440957_ses-20190211T143614_behavior+ecephys+image+ogen.nwb,440957,,17,17,16,N/A,N/A,N/A,audio delay,1,left,no early,hit,0,0,108.3067,113.2455,108.8067,109.6219,109.6219,110.2719,110.2719,111.4719,111.4719,112.9719,"111.7205, 111.8595, 111.9908, 112.1444, 112.1727, 112.3032, 112.4583, 112.5902, 112.7542, 112.7916, 112.9244, 113.0686, 113.1998",,,,4.9388000000000005,,
sub-440957/sub-440957_ses-20190211T143614_behavior+ecephys+image+ogen.nwb,440957,,18,18,17,N/A,N/A,N/A,audio delay,1,left,no early,hit,0,0,115.0475,119.8541,115.5475,116.245,116.245,116.895,116.895,118.095,118.095,119.595,"118.3291, 118.4477, 118.5888, 118.7269, 118.8557, 118.9888, 119.1912, 119.3382, 119.5167, 119.6493",,,,4.806600000000003,,
sub-440957/sub-440957_ses-20190211T143614_behavior+ecephys+image+ogen.nwb,440957,,19,19,18,N/A,N/A,N/A,audio delay,1,left,no early,hit,0,0,121.6578,126.4207,122.1578,122.8805,122.8805,123.5305,123.5305,124.7305,124.7305,126.2305,"124.8957, 125.0213, 125.1595, 125.2976, 125.4365, 125.5762, 125.7059, 125.8436, 125.9950, 126.1884, 126.3522",,,,4.762900000000002,,
sub-440957/sub-440957_ses-20190211T143614_behavior+ecephys+image+ogen.nwb,440957,,20,20,19,N/A,N/A,N/A,audio delay,1,right,no early,hit,0,0,128.3181,133.0258,128.8181,129.5128,129.5128,130.1628,130.1628,131.3628,131.3628,132.8628,,"131.5008, 131.5842, 131.7223, 131.8422, 131.9851, 132.0104, 132.1289, 132.2900, 132.4341, 132.5994, 132.7291, 132.8715, 133.0061",,,4.707700000000017,,
sub-440957/sub-440957_ses-20190211T143614_behavior+ecephys+image+ogen.nwb,440957,,21,21,20,N/A,N/A,N/A,audio delay,1,right,no early,hit,0,0,135.207,139.9815,135.707,136.4633,136.4633,137.1133,137.1133,138.3133,138.3133,139.8133,,"138.4565, 138.5125, 138.6465, 138.6754, 138.7780, 138.9053, 139.0685, 139.2418, 139.3946, 139.5409, 139.5637, 139.7058",,,4.7745000000000175,,
sub-440957/sub-440957_ses-20190211T143614_behavior+ecephys+image+ogen.nwb,440957,,22,22,21,N/A,N/A,N/A,audio delay,1,right,no early,hit,0,0,141.7876,146.6005,142.2876,143.1351,143.1351,143.7851,143.7851,144.9851,144.9851,146.4851,,"145.0755, 145.2188, 145.3464, 145.4868, 145.6282, 145.7557, 145.9231, 146.0867, 146.2261, 146.3648, 146.5133",,,4.812900000000013,,
sub-440957/sub-440957_ses-20190211T143614_behavior+ecephys+image+ogen.nwb,440957,,23,23,22,N/A,N/A,N/A,audio delay,1,right,no early,hit,0,0,149.0916,154.036,149.5916,150.3918,150.3918,151.0418,151.0418,152.2418,152.2418,153.7418,,"152.5110, 152.6418, 152.7824, 152.9394, 152.9681, 153.0921, 153.2316, 153.3720, 153.5114, 153.6697, 153.8249, 153.9967",,,4.944400000000002,,
sub-440957/sub-440957_ses-20190211T143614_behavior+ecephys+image+ogen.nwb,440957,,24,24,23,N/A,N/A,N/A,audio delay,1,left,no early,ignore,0,0,156.8597,161.9098,157.3597,158.2598,158.2598,158.9098,158.9098,160.1098,160.1098,161.6098,,,,,5.050099999999986,,
sub-440957/sub-440957_ses-20190211T143614_behavior+ecephys+image+ogen.nwb,440957,,25,25,24,N/A,N/A,N/A,audio delay,1,left,no early,miss,0,0,163.722,167.0448,164.222,164.952,164.952,165.602,165.602,166.802,166.802,,,166.9448,,,3.322800000000001,,
sub-440957/sub-440957_ses-20190211T143614_behavior+ecephys+image+ogen.nwb,440957,,26,26,25,N/A,N/A,N/A,audio delay,1,left,no early,hit,0,0,169.216,173.9323,169.716,170.4306,170.4306,171.0806,171.0806,172.2806,172.2806,173.7806,"172.4073, 172.5687, 172.6925, 172.8504, 173.0103, 173.1736, 173.2924, 173.4214, 173.5513, 173.6796, 173.8163",,,,4.71629999999999,,
sub-440957/sub-440957_ses-20190211T143614_behavior+ecephys+image+ogen.nwb,440957,,27,27,26,N/A,N/A,N/A,audio delay,1,left,no early,hit,0,0,176.34,181.3065,176.84,177.6947,177.6947,178.3447,178.3447,179.5447,179.5447,181.0447,"179.7815, 179.9393, 180.0725, 180.2128, 180.3572, 180.5077, 180.6542, 180.7852, 180.9019, 181.0385, 181.1658",,,,4.966499999999996,,
sub-440957/sub-440957_ses-20190211T143614_behavior+ecephys+image+ogen.nwb,440957,,28,28,27,N/A,N/A,N/A,audio delay,1,left,no early,hit,0,0,183.6024,188.5776,184.1024,184.966,184.966,185.616,185.616,186.816,186.816,188.316,"187.0526, 187.2140, 187.3275, 187.4967, 187.6267, 187.7776, 187.9225, 188.0645, 188.2035, 188.3475, 188.4816",,,,4.975200000000001,,
sub-440957/sub-440957_ses-20190211T143614_behavior+ecephys+image+ogen.nwb,440957,,29,29,28,N/A,N/A,N/A,audio delay,1,left,no early,hit,0,0,191.3254,196.3349,191.8254,192.7175,192.7175,193.3675,193.3675,194.5675,194.5675,196.0675,"194.8099, 194.9391, 195.0815, 195.2205, 195.3818, 195.5403, 195.6800, 195.8188, 195.9455, 196.0760, 196.2615",,,,5.009500000000003,,
sub-440957/sub-440957_ses-20190211T143614_behavior+ecephys+image+ogen.nwb,440957,,30,30,29,N/A,N/A,N/A,audio delay,1,right,no early,miss,0,0,198.8984,202.3104,199.3984,200.0795,200.0795,200.7295,200.7295,201.9295,201.9295,,202.2104,,,,3.4119999999999777,,
sub-440957/sub-440957_ses-20190211T143614_behavior+ecephys+image+ogen.nwb,440957,,31,31,30,N/A,N/A,N/A,audio delay,1,right,no early,miss,0,0,204.1655,207.7024,204.6655,205.53,205.53,206.18,206.18,207.38,207.38,,207.6024,,,,3.536900000000003,,
sub-440957/sub-440957_ses-20190211T143614_behavior+ecephys+image+ogen.nwb,440957,,32,32,31,N/A,N/A,N/A,audio delay,1,right,no early,hit,0,0,209.5204,214.2923,210.0204,210.7776,210.7776,211.4276,211.4276,212.6276,212.6276,214.1276,,"212.7673, 212.9241, 213.0517, 213.1716, 213.3102, 213.4493, 213.5802, 213.7283, 213.8500, 213.9910, 214.1663",,,4.7719000000000165,,
sub-440957/sub-440957_ses-20190211T143614_behavior+ecephys+image+ogen.nwb,440957,,33,33,32,N/A,N/A,N/A,audio delay,1,right,no early,hit,0,0,216.6371,221.3364,217.1371,217.8162,217.8162,218.4662,218.4662,219.6662,219.6662,221.1662,,"219.8114, 219.9181, 220.0650, 220.1878, 220.3357, 220.4553, 220.5197, 220.6496, 220.8121, 220.9218, 221.0580, 221.1979",,,4.699299999999994,,
sub-440957/sub-440957_ses-20190211T143614_behavior+ecephys+image+ogen.nwb,440957,,34,34,33,N/A,N/A,N/A,audio delay,1,left,no early,ignore,0,0,224.54,229.4624,225.04,225.8124,225.8124,226.4624,226.4624,227.6624,227.6624,229.1624,,,,,4.92240000000001,,
sub-440957/sub-440957_ses-20190211T143614_behavior+ecephys+image+ogen.nwb,440957,,35,35,34,N/A,N/A,N/A,audio delay,1,left,no early,miss,0,0,231.2796,234.771,231.7796,232.5224,232.5224,233.1724,233.1724,234.3724,234.3724,,,234.6710,,,3.4913999999999987,,
sub-440957/sub-440957_ses-20190211T143614_behavior+ecephys+image+ogen.nwb,440957,,36,36,35,N/A,N/A,N/A,audio delay,1,left,no early,hit,0,0,236.6063,241.6805,237.1063,237.9838,237.9838,238.6338,238.6338,239.8338,239.8338,241.3338,"240.1555, 240.2818, 240.3916, 240.5125, 240.6576, 240.8189, 240.9645, 241.1099, 241.2450, 241.3672, 241.5111, 241.6516",,,,5.0741999999999905,,
sub-440957/sub-440957_ses-20190211T143614_behavior+ecephys+image+ogen.nwb,440957,,37,37,36,N/A,N/A,N/A,audio delay,1,left,no early,hit,0,0,244.4142,249.3085,244.9142,245.7653,245.7653,246.4153,246.4153,247.6153,247.6153,249.1153,"247.7835, 247.8774, 248.0264, 248.1542, 248.3109, 248.4439, 248.5854, 248.7206, 248.8499, 248.9992, 249.1424",,,,4.894300000000015,,
sub-440957/sub-440957_ses-20190211T143614_behavior+ecephys+image+ogen.nwb,440957,,38,38,37,1.893,5.500,0.5000,audio delay,1,right,no early,hit,0,0,251.1316,255.8578,251.6316,252.375,252.375,253.025,253.025,254.225,254.225,255.725,,"254.3318, 254.6437, 254.7593, 254.9010, 255.0354, 255.1814, 255.3171, 255.3694, 255.4914, 255.6212, 255.7486",253.0246,253.5246,4.726200000000006,,
sub-440957/sub-440957_ses-20190211T143614_behavior+ecephys+image+ogen.nwb,440957,,39,39,38,N/A,N/A,N/A,audio delay,1,left,no early,hit,0,0,260.2083,265.0444,260.7083,261.4408,261.4408,262.0908,262.0908,263.2908,263.2908,264.7908,"263.5184, 263.6484, 263.8346, 263.9531, 264.0771, 264.2233, 264.3768, 264.3954, 264.5200, 264.6563, 264.7938, 264.9301",,,,4.836099999999988,,
sub-440957/sub-440957_ses-20190211T143614_behavior+ecephys+image+ogen.nwb,440957,,40,40,39,N/A,N/A,N/A,audio delay,1,right,no early,hit,0,0,267.4969,272.308,267.9969,268.7395,268.7395,269.3895,269.3895,270.5895,270.5895,272.0895,,"270.7820, 270.8701, 271.0175, 271.1308, 271.2655, 271.4379, 271.6049, 271.7569, 271.8927, 272.0158, 272.0625, 272.1809",,,4.81110000000001,,
sub-440957/sub-440957_ses-20190211T143614_behavior+ecephys+image+ogen.nwb,440957,,41,41,40,N/A,N/A,N/A,audio delay,1,left,no early,miss,0,0,274.4442,277.6651,274.9442,275.6045,275.6045,276.2545,276.2545,277.4545,277.4545,,,277.5651,,,3.220899999999972,,
sub-440957/sub-440957_ses-20190211T143614_behavior+ecephys+image+ogen.nwb,440957,,42,42,41,N/A,N/A,N/A,audio delay,1,right,no early,hit,0,0,279.5153,284.2568,280.0153,280.7593,280.7593,281.4093,281.4093,282.6093,282.6093,284.1093,,"282.7308, 282.8717, 282.9967, 283.1116, 283.2566, 283.4331, 283.5791, 283.7111, 283.8333, 284.0052, 284.1636",,,4.741499999999974,,
sub-440957/sub-440957_ses-20190211T143614_behavior+ecephys+image+ogen.nwb,440957,,43,43,42,N/A,N/A,N/A,audio delay,1,right,no early,hit,0,0,286.0846,290.9551,286.5846,287.4683,287.4683,288.1183,288.1183,289.3183,289.3183,290.8183,,"289.4291, 289.5622, 289.6962, 289.8385, 289.9658, 290.1146, 290.2515, 290.3930, 290.5306, 290.6990, 290.8369",,,4.870499999999993,,
sub-440957/sub-440957_ses-20190211T143614_behavior+ecephys+image+ogen.nwb,440957,,44,44,43,N/A,N/A,N/A,audio delay,1,right,no early,hit,0,0,293.8435,298.6155,294.3435,295.1356,295.1356,295.7856,295.7856,296.9856,296.9856,298.4856,,"297.0895, 297.2293, 297.3465, 297.4998, 297.6471, 297.7800, 297.9155, 298.1093, 298.2656, 298.3817, 298.5553",,,4.771999999999991,,
sub-440957/sub-440957_ses-20190211T143614_behavior+ecephys+image+ogen.nwb,440957,,45,45,44,N/A,N/A,N/A,audio delay,1,right,no early,hit,0,0,300.6636,305.4081,301.1636,301.9233,301.9233,302.5733,302.5733,303.7733,303.7733,305.2733,,"303.8821, 304.0252, 304.1578, 304.2977, 304.4359, 304.5656, 304.7126, 304.8505, 304.9810, 305.1457, 305.3106",,,4.744500000000016,,
sub-440957/sub-440957_ses-20190211T143614_behavior+ecephys+image+ogen.nwb,440957,,46,46,45,N/A,N/A,N/A,audio delay,1,left,no early,miss,0,0,307.2765,310.606,307.7765,308.5505,308.5505,309.2005,309.2005,310.4005,310.4005,,,310.5060,,,3.329499999999996,,
sub-440957/sub-440957_ses-20190211T143614_behavior+ecephys+image+ogen.nwb,440957,,47,47,46,N/A,N/A,N/A,audio delay,1,left,no early,miss,0,0,312.4671,315.8215,312.9671,313.7396,313.7396,314.3896,314.3896,315.5896,315.5896,,,315.7215,,,3.3543999999999983,,
sub-440957/sub-440957_ses-20190211T143614_behavior+ecephys+image+ogen.nwb,440957,,48,48,47,N/A,N/A,N/A,audio delay,1,left,no early,hit,0,0,317.6926,322.5445,318.1926,318.9181,318.9181,319.5681,319.5681,320.7681,320.7681,322.2681,"321.0185, 321.1477, 321.2892, 321.4457, 321.5955, 321.7196, 321.8485, 321.9562, 322.0804, 322.2057, 322.3521",,,,4.8519000000000005,,
sub-440957/sub-440957_ses-20190211T143614_behavior+ecephys+image+ogen.nwb,440957,,49,49,48,N/A,N/A,N/A,audio delay,1,left,no early,hit,0,0,324.3794,329.4607,324.8794,325.6828,325.6828,326.3328,326.3328,327.5328,327.5328,329.0328,"327.9347, 328.0450, 328.1896, 328.3069, 328.4560, 328.5997, 328.7495, 328.8829, 329.0317, 329.1591, 329.2946, 329.4433",,,,5.081299999999999,,
sub-440957/sub-440957_ses-20190211T143614_behavior+ecephys+image+ogen.nwb,440957,,50,50,49,N/A,N/A,N/A,audio delay,1,right,no early,hit,0,0,331.663,336.5707,332.163,332.986,332.986,333.636,333.636,334.836,334.836,336.336,,"335.0447, 335.1644, 335.3034, 335.4296, 335.5785, 335.7160, 335.8739, 336.0146, 336.1703, 336.2934, 336.4146, 336.5642",,,4.907699999999977,,
sub-440957/sub-440957_ses-20190211T143614_behavior+ecephys+image+ogen.nwb,440957,,51,51,50,1.990,5.500,0.5000,audio delay,1,right,no early,hit,0,0,339.2208,344.0649,339.7208,340.561,340.561,341.211,341.211,342.411,342.411,343.911,,"342.5389, 342.5598, 342.6745, 342.8030, 342.9353, 343.0782, 343.1883, 343.3251, 343.4931, 343.6164, 343.7536, 343.8906, 344.0143",341.2108,341.7108,4.844100000000026,,
sub-440957/sub-440957_ses-20190211T143614_behavior+ecephys+image+ogen.nwb,440957,,52,52,51,2.049,5.500,0.5000,audio delay,1,left,no early,hit,0,0,346.3093,351.3546,346.8093,347.7084,347.7084,348.3584,348.3584,349.5584,349.5584,351.0584,"349.8286, 349.9316, 350.0638, 350.2273, 350.3629, 350.4109, 350.4983, 350.6257, 350.7476, 350.8942, 351.1032, 351.2198",,348.3583,348.8583,5.0452999999999975,,
sub-440957/sub-440957_ses-20190211T143614_behavior+ecephys+image+ogen.nwb,440957,,53,53,52,N/A,N/A,N/A,audio delay,1,left,no early,miss,0,0,354.9043,358.4744,355.4043,356.2868,356.2868,356.9368,356.9368,358.1368,358.1368,,,358.3744,,,3.570100000000025,,
sub-440957/sub-440957_ses-20190211T143614_behavior+ecephys+image+ogen.nwb,440957,,54,54,53,N/A,N/A,N/A,audio delay,1,left,no early,hit,0,0,360.8257,365.7005,361.3257,362.0341,362.0341,362.6841,362.6841,363.8841,363.8841,365.3841,"364.1745, 364.3081, 364.4520, 364.5982, 364.7543, 364.8912, 365.0210, 365.1452, 365.2744, 365.4000, 365.5306, 365.6867",,,,4.874799999999993,,
sub-440957/sub-440957_ses-20190211T143614_behavior+ecephys+image+ogen.nwb,440957,,55,55,54,N/A,N/A,N/A,audio delay,1,left,no early,hit,0,0,369.3378,374.3443,369.8378,370.699,370.699,371.349,371.349,372.549,372.549,374.049,"372.8183, 372.9556, 373.1099, 373.2545, 373.3041, 373.3889, 373.5186, 373.6792, 373.8304, 373.9690, 374.1320, 374.2689",,,,5.00649999999996,,
sub-440957/sub-440957_ses-20190211T143614_behavior+ecephys+image+ogen.nwb,440957,,56,56,55,1.897,5.500,0.5000,audio delay,1,right,no early,miss,0,0,377.0844,380.6826,377.5844,378.3317,378.3317,378.9817,378.9817,380.1817,380.1817,,380.5826,,378.9814,379.4814,3.598199999999963,,
sub-440957/sub-440957_ses-20190211T143614_behavior+ecephys+image+ogen.nwb,440957,,57,57,56,1.915,5.500,0.5000,audio delay,1,left,no early,hit,0,0,382.5539,387.418,383.0539,383.8189,383.8189,384.4689,384.4689,385.6689,385.6689,387.1689,"385.8920, 386.0114, 386.1556, 386.2920, 386.4301, 386.4784, 386.5877, 386.7092, 386.8258, 386.9638, 387.0938, 387.2238, 387.3562",,384.4689,384.9689,4.864100000000008,,
sub-440957/sub-440957_ses-20190211T143614_behavior+ecephys+image+ogen.nwb,440957,,58,58,57,N/A,N/A,N/A,audio delay,1,left,no early,hit,0,0,389.8885,394.7147,390.3885,391.1883,391.1883,391.8383,391.8383,393.0383,393.0383,394.5383,"393.1887, 393.3183, 393.4562, 393.5909, 393.7259, 393.8750, 394.0073, 394.1446, 394.2793, 394.3854, 394.5141, 394.6411",,,,4.826199999999972,,
sub-440957/sub-440957_ses-20190211T143614_behavior+ecephys+image+ogen.nwb,440957,,59,59,58,N/A,N/A,N/A,audio delay,1,right,no early,miss,0,0,398.957,402.5343,399.457,400.3573,400.3573,401.0073,401.0073,402.2073,402.2073,,402.4343,,,,3.5772999999999797,,
sub-440957/sub-440957_ses-20190211T143614_behavior+ecephys+image+ogen.nwb,440957,,60,60,59,N/A,N/A,N/A,audio delay,1,right,no early,hit,0,0,404.4139,409.2636,404.9139,405.652,405.652,406.302,406.302,407.502,407.502,409.002,,"407.7376, 407.8666, 408.0128, 408.1571, 408.2883, 408.4152, 408.5522, 408.6959, 408.8268, 408.9655, 409.1107, 409.2431",,,4.849699999999984,,
sub-440957/sub-440957_ses-20190211T143614_behavior+ecephys+image+ogen.nwb,440957,,61,61,60,N/A,N/A,N/A,audio delay,1,right,no early,hit,0,0,411.8204,416.8089,412.3204,413.1992,413.1992,413.8492,413.8492,415.0492,415.0492,416.5492,,"415.2829, 415.3965, 415.5535, 415.6921, 415.8134, 415.9495, 416.0707, 416.2015, 416.3448, 416.5014, 416.6273, 416.7616",,,4.988499999999988,,
sub-440957/sub-440957_ses-20190211T143614_behavior+ecephys+image+ogen.nwb,440957,,62,62,61,N/A,N/A,N/A,audio delay,1,right,no early,hit,0,0,419.3533,424.1728,419.8533,420.654,420.654,421.304,421.304,422.504,422.504,424.004,,"422.6468, 422.7626, 422.8864, 423.0317, 423.1901, 423.3139, 423.4640, 423.5935, 423.7251, 423.8714, 423.9978, 424.1203",,,4.819500000000005,,
sub-440957/sub-440957_ses-20190211T143614_behavior+ecephys+image+ogen.nwb,440957,,63,63,62,N/A,N/A,N/A,audio delay,1,left,no early,miss,0,0,426.7163,430.2839,427.2163,428.0602,428.0602,428.7102,428.7102,429.9102,429.9102,,,430.1839,,,3.567600000000027,,
sub-440957/sub-440957_ses-20190211T143614_behavior+ecephys+image+ogen.nwb,440957,,64,64,63,N/A,N/A,N/A,audio delay,1,left,no early,hit,0,0,432.3226,437.2996,432.8226,433.7058,433.7058,434.3558,434.3558,435.5558,435.5558,437.0558,"435.7736, 435.9095, 436.0421, 436.1845, 436.3284, 436.3646, 436.4610, 436.5946, 436.7167, 436.8485, 436.9845, 437.1149",,,,4.976999999999975,,
sub-440957/sub-440957_ses-20190211T143614_behavior+ecephys+image+ogen.nwb,440957,,65,65,64,N/A,N/A,N/A,audio delay,1,left,no early,hit,0,0,439.1513,444.0287,439.6513,440.392,440.392,441.042,441.042,442.242,442.242,443.742,"442.5027, 442.6311, 442.7807, 442.9206, 443.0589, 443.1964, 443.3212, 443.4456, 443.5935, 443.7211, 443.8443, 443.9764",,,,4.877400000000023,,
sub-440957/sub-440957_ses-20190211T143614_behavior+ecephys+image+ogen.nwb,440957,,66,66,65,1.920,5.500,0.5000,audio delay,1,right,no early,hit,0,0,446.3844,451.1467,446.8844,447.6547,447.6547,448.3047,448.3047,449.5047,449.5047,451.0047,"449.8066, 449.9485",449.6207,448.3044,448.8044,4.762299999999982,,
sub-440957/sub-440957_ses-20190211T143614_behavior+ecephys+image+ogen.nwb,440957,,67,67,66,N/A,N/A,N/A,audio delay,1,left,no early,hit,0,0,452.9965,457.7213,453.4965,454.1871,454.1871,454.8371,454.8371,456.0371,456.0371,457.5371,"456.1953, 456.3284, 456.4557, 456.5709, 456.7167, 456.8568, 456.9935, 457.1210, 457.2418, 457.3712, 457.5239, 457.6624",,,,4.724799999999959,,
sub-440957/sub-440957_ses-20190211T143614_behavior+ecephys+image+ogen.nwb,440957,,68,68,67,N/A,N/A,N/A,audio delay,1,right,no early,hit,0,0,460.3943,465.1088,460.8943,461.6176,461.6176,462.2676,462.2676,463.4676,463.4676,464.9676,,"463.5828, 463.7042, 463.8373, 463.9680, 464.0975, 464.2143, 464.3682, 464.4914, 464.6327, 464.7599, 464.9078, 465.0343",,,4.714499999999987,,
sub-440957/sub-440957_ses-20190211T143614_behavior+ecephys+image+ogen.nwb,440957,,69,69,68,N/A,N/A,N/A,audio delay,1,left,no early,miss,0,0,467.4948,470.7649,467.9948,468.6727,468.6727,469.3227,469.3227,470.5227,470.5227,,,470.6649,,,3.2701000000000136,,
sub-440957/sub-440957_ses-20190211T143614_behavior+ecephys+image+ogen.nwb,440957,,70,70,69,1.994,5.500,0.5000,audio delay,1,right,no early,hit,0,0,472.641,477.4816,473.141,473.9849,473.9849,474.6349,474.6349,475.8349,475.8349,477.3349,,"475.9556, 476.1044, 476.2470, 476.3923, 476.5121, 476.6334, 476.7853, 476.9317, 477.0821, 477.2163, 477.3476",474.6350,475.1350,4.840599999999995,,
sub-440957/sub-440957_ses-20190211T143614_behavior+ecephys+image+ogen.nwb,440957,,71,71,70,N/A,N/A,N/A,audio delay,1,right,no early,hit,0,0,479.631,484.4728,480.131,480.8567,480.8567,481.5067,481.5067,482.7067,482.7067,484.2067,,"482.9468, 483.0857, 483.2315, 483.3564, 483.4893, 483.6174, 483.7627, 483.9002, 484.0359, 484.2053, 484.3336",,,4.841800000000035,,
sub-440957/sub-440957_ses-20190211T143614_behavior+ecephys+image+ogen.nwb,440957,,72,72,71,N/A,N/A,N/A,audio delay,1,right,no early,hit,0,0,486.6542,491.4816,487.1542,487.985,487.985,488.635,488.635,489.835,489.835,491.335,,"489.9556, 490.0881, 490.2049, 490.3401, 490.4780, 490.6151, 490.7601, 490.8811, 491.0211, 491.1875, 491.3498",,,4.8274000000000115,,
sub-440957/sub-440957_ses-20190211T143614_behavior+ecephys+image+ogen.nwb,440957,,73,73,72,2.002,5.500,0.5000,audio delay,1,left,no early,miss,0,0,494.0629,497.5628,494.5629,495.4144,495.4144,496.0644,496.0644,497.2644,497.2644,,,497.4628,496.0649,496.5649,3.4998999999999683,,
sub-440957/sub-440957_ses-20190211T143614_behavior+ecephys+image+ogen.nwb,440957,,74,74,73,N/A,N/A,N/A,audio delay,1,left,no early,hit,0,0,499.4238,504.3404,499.9238,500.6905,500.6905,501.3405,501.3405,502.5405,502.5405,504.0405,"502.8144, 502.9547, 503.0814, 503.2294, 503.3636, 503.4980, 503.6305, 503.7651, 503.8828, 504.0430, 504.1648, 504.3089",,,,4.91659999999996,,
sub-440957/sub-440957_ses-20190211T143614_behavior+ecephys+image+ogen.nwb,440957,,75,75,74,N/A,N/A,N/A,audio delay,1,left,no early,hit,0,0,506.4499,511.3277,506.9499,507.7308,507.7308,508.3808,508.3808,509.5808,509.5808,511.0808,"509.8017, 509.9269, 510.0870, 510.2197, 510.3561, 510.4936, 510.6200, 510.7597, 510.8944, 511.0172, 511.1409",,,,4.877799999999979,,
sub-440957/sub-440957_ses-20190211T143614_behavior+ecephys+image+ogen.nwb,440957,,76,76,75,N/A,N/A,N/A,audio delay,1,right,no early,hit,0,0,513.1867,518.1089,513.6867,514.5856,514.5856,515.2356,515.2356,516.4356,516.4356,517.9356,,"516.5829, 516.6887, 516.8309, 516.9641, 517.0056, 517.1007, 517.2334, 517.3661, 517.4978, 517.6334, 517.8064, 517.8646, 517.9651",,,4.922199999999975,,
sub-440957/sub-440957_ses-20190211T143614_behavior+ecephys+image+ogen.nwb,440957,,77,77,76,N/A,N/A,N/A,audio delay,1,right,no early,hit,0,0,520.7293,525.4514,521.2293,521.9565,521.9565,522.6065,522.6065,523.8065,523.8065,525.3065,,"523.9254, 524.0301, 524.1715, 524.3092, 524.4290, 524.5834, 524.7332, 524.8755, 525.0342, 525.1700, 525.2931",,,4.722100000000069,,
sub-440957/sub-440957_ses-20190211T143614_behavior+ecephys+image+ogen.nwb,440957,,78,78,77,N/A,N/A,N/A,audio delay,1,right,no early,hit,0,0,527.4952,532.3382,527.9952,528.8583,528.8583,529.5083,529.5083,530.7083,530.7083,532.2083,,"530.8122, 530.9500, 531.0807, 531.2045, 531.3355, 531.4693, 531.6062, 531.7323, 531.8935, 532.0542, 532.1822, 532.3094",,,4.843000000000075,,
sub-440957/sub-440957_ses-20190211T143614_behavior+ecephys+image+ogen.nwb,440957,,79,79,78,N/A,N/A,N/A,audio delay,1,right,no early,hit,0,0,535.1991,539.9879,535.6991,536.3723,536.3723,537.0223,537.0223,538.2223,538.2223,539.7223,,"538.4619, 538.5900, 538.7393, 538.8841, 539.0115, 539.1510, 539.2784, 539.4268, 539.5568, 539.6913, 539.8209, 539.9538",,,4.788799999999924,,
sub-440957/sub-440957_ses-20190211T143614_behavior+ecephys+image+ogen.nwb,440957,,80,80,79,1.946,5.500,0.5000,audio delay,1,left,no early,miss,0,0,542.412,545.7509,542.912,543.7081,543.7081,544.3581,544.3581,545.5581,545.5581,,,545.6509,544.3580,544.8580,3.338899999999967,,
sub-440957/sub-440957_ses-20190211T143614_behavior+ecephys+image+ogen.nwb,440957,,81,81,80,N/A,N/A,N/A,audio delay,1,left,no early,miss,0,0,547.6479,550.9751,548.1479,548.9328,548.9328,549.5828,549.5828,550.7828,550.7828,,,550.8751,,,3.327199999999948,,
sub-440957/sub-440957_ses-20190211T143614_behavior+ecephys+image+ogen.nwb,440957,,82,82,81,N/A,N/A,N/A,audio delay,1,left,no early,hit,0,0,553.1907,558.2185,553.6907,554.5213,554.5213,555.1713,555.1713,556.3713,556.3713,557.8713,"556.6925, 556.8316, 556.9727, 557.1128, 557.2434, 557.3742, 557.4902, 557.6231, 557.7539, 557.8932, 558.0286, 558.0750, 558.1671",,,,5.0277999999999565,,
sub-440957/sub-440957_ses-20190211T143614_behavior+ecephys+image+ogen.nwb,440957,,83,83,82,N/A,N/A,N/A,audio delay,1,left,no early,hit,0,0,560.7307,565.5009,561.2307,561.9606,561.9606,562.6106,562.6106,563.8106,563.8106,565.3106,"563.9749, 564.0960, 564.2462, 564.3910, 564.5341, 564.6743, 564.8087, 564.9363, 565.0690, 565.1956, 565.3263, 565.4704",,,,4.770200000000045,,
sub-440957/sub-440957_ses-20190211T143614_behavior+ecephys+image+ogen.nwb,440957,,84,84,83,N/A,N/A,N/A,audio delay,1,right,no early,hit,0,0,567.7652,572.5354,568.2652,568.9571,568.9571,569.6071,569.6071,570.8071,570.8071,572.3071,,"571.0094, 571.1296, 571.2817, 571.4155, 571.5470, 571.6778, 571.8023, 571.9528, 572.1073, 572.2303, 572.3584, 572.4951",,,4.770199999999932,,
sub-440957/sub-440957_ses-20190211T143614_behavior+ecephys+image+ogen.nwb,440957,,85,85,84,N/A,N/A,N/A,audio delay,1,left,no early,hit,0,0,575.1955,580.0859,575.6955,576.4954,576.4954,577.1454,577.1454,578.3454,578.3454,579.8454,"578.5599, 578.7186, 578.7491, 578.8577, 578.9934, 579.1371, 579.2715, 579.4030, 579.5308, 579.6475, 579.7783, 579.9048",,,,4.8904,,
sub-440957/sub-440957_ses-20190211T143614_behavior+ecephys+image+ogen.nwb,440957,,86,86,85,N/A,N/A,N/A,audio delay,1,right,no early,hit,0,0,582.5483,587.4912,583.0483,583.9002,583.9002,584.5502,584.5502,585.7502,585.7502,587.2502,,"585.9652, 586.1106, 586.2414, 586.3807, 586.5269, 586.6758, 586.7998, 586.9367, 587.0846, 587.2194, 587.3518",,,4.942900000000009,,
sub-440957/sub-440957_ses-20190211T143614_behavior+ecephys+image+ogen.nwb,440957,,87,87,86,N/A,N/A,N/A,audio delay,1,right,no early,hit,0,0,589.6604,594.6157,590.1604,591.0302,591.0302,591.6802,591.6802,592.8802,592.8802,594.3802,,"593.0897, 593.1933, 593.3216, 593.4583, 593.5946, 593.7722, 593.9144, 594.0401, 594.1885, 594.3122, 594.4531, 594.5855",,,4.955299999999966,,
sub-440957/sub-440957_ses-20190211T143614_behavior+ecephys+image+ogen.nwb,440957,,88,88,87,1.865,5.500,0.5000,audio delay,1,left,no early,hit,0,0,596.908,601.7175,597.408,598.1226,598.1226,598.7726,598.7726,599.9726,599.9726,601.4726,"600.1915, 600.3022, 600.4362, 600.5902, 600.7335, 600.8656, 600.9994, 601.1139, 601.2485, 601.3779, 601.4918, 601.6178",,598.7730,599.2730,4.809499999999957,,
sub-440957/sub-440957_ses-20190211T143614_behavior+ecephys+image+ogen.nwb,440957,,89,89,88,2.058,5.500,0.5000,audio delay,1,left,no early,hit,0,0,604.8055,609.7393,605.3055,606.2137,606.2137,606.8637,606.8637,608.0637,608.0637,609.5637,"608.2133, 608.3504, 608.5098, 608.6462, 608.7943, 608.9290, 609.0375, 609.1789, 609.3040, 609.4322, 609.5690, 609.7036",,606.8635,607.3635,4.933799999999906,,
sub-440957/sub-440957_ses-20190211T143614_behavior+ecephys+image+ogen.nwb,440957,,90,90,89,N/A,N/A,N/A,audio delay,1,left,no early,hit,0,0,612.1849,616.9939,612.6849,613.393,613.393,614.043,614.043,615.243,615.243,616.743,"615.4679, 615.5897, 615.7193, 615.8593, 616.0205, 616.1570, 616.3017, 616.4288, 616.5574, 616.7040, 616.8358, 616.9774",,,,4.809000000000083,,
sub-440957/sub-440957_ses-20190211T143614_behavior+ecephys+image+ogen.nwb,440957,,91,91,90,N/A,N/A,N/A,audio delay,1,left,no early,hit,0,0,619.665,624.5017,620.165,620.9065,620.9065,621.5565,621.5565,622.7565,622.7565,624.2565,"622.9757, 623.1061, 623.2533, 623.3932, 623.5250, 623.6638, 623.7820, 623.8984, 624.0199, 624.1513, 624.3035, 624.4391",,,,4.836700000000064,,
sub-440957/sub-440957_ses-20190211T143614_behavior+ecephys+image+ogen.nwb,440957,,92,92,91,N/A,N/A,N/A,audio delay,1,right,no early,hit,0,0,626.6184,631.4822,627.1184,627.8917,627.8917,628.5417,628.5417,629.7417,629.7417,631.2417,,"629.9562, 630.0929, 630.1330, 630.2270, 630.3677, 630.4834, 630.6258, 630.7618, 630.9027, 631.0608, 631.1796, 631.3253, 631.4476",,,4.863800000000083,,
sub-440957/sub-440957_ses-20190211T143614_behavior+ecephys+image+ogen.nwb,440957,,93,93,92,N/A,N/A,N/A,audio delay,1,right,no early,hit,0,0,633.796,638.5769,634.296,635.0651,635.0651,635.7151,635.7151,636.9151,636.9151,638.4151,,"637.0509, 637.1772, 637.3116, 637.4438, 637.6030, 637.7292, 637.8290, 637.9685, 638.1023, 638.2244, 638.3576, 638.4938",,,4.780899999999974,,
sub-440957/sub-440957_ses-20190211T143614_behavior+ecephys+image+ogen.nwb,440957,,94,94,93,N/A,N/A,N/A,audio delay,1,left,no early,miss,0,0,640.5373,644.1151,641.0373,641.9266,641.9266,642.5766,642.5766,643.7766,643.7766,,,644.0151,,,3.5778000000000247,,
sub-440957/sub-440957_ses-20190211T143614_behavior+ecephys+image+ogen.nwb,440957,,95,95,94,N/A,N/A,N/A,audio delay,1,left,no early,hit,0,0,646.038,650.9605,646.538,647.3765,647.3765,648.0265,648.0265,649.2265,649.2265,650.7265,"649.4345, 649.5597, 649.7391, 649.8876, 650.0240, 650.1450, 650.2703, 650.4001, 650.5285, 650.5667, 650.6508, 650.7867, 650.9219",,,,4.922500000000014,,
sub-440957/sub-440957_ses-20190211T143614_behavior+ecephys+image+ogen.nwb,440957,,96,96,95,N/A,N/A,N/A,audio delay,1,left,no early,hit,0,0,654.0297,658.993,654.5297,655.4035,655.4035,656.0535,656.0535,657.2535,657.2535,658.7535,"657.4670, 657.6013, 657.7584, 657.8980, 658.0186, 658.1567, 658.2866, 658.4053, 658.5221, 658.6499, 658.7675, 658.9115",,,,4.963300000000004,,
sub-440957/sub-440957_ses-20190211T143614_behavior+ecephys+image+ogen.nwb,440957,,97,97,96,N/A,N/A,N/A,audio delay,1,left,no early,hit,0,0,661.7658,666.7879,662.2658,663.1588,663.1588,663.8088,663.8088,665.0088,665.0088,666.5088,"665.2619, 665.3738, 665.5223, 665.6649, 665.7889, 665.9346, 665.9691, 666.1106, 666.2295, 666.3583, 666.4946, 666.6267, 666.7601",,,,5.022100000000023,,
sub-440957/sub-440957_ses-20190211T143614_behavior+ecephys+image+ogen.nwb,440957,,98,98,97,N/A,N/A,N/A,audio delay,1,right,no early,hit,0,0,668.6729,673.6163,669.1729,670.0802,670.0802,670.7302,670.7302,671.9302,671.9302,673.4302,,"672.0903, 672.2003, 672.3456, 672.4773, 672.6219, 672.7523, 672.8755, 673.0334, 673.1467, 673.2821, 673.4336, 673.5674",,,4.943399999999997,,
sub-440957/sub-440957_ses-20190211T143614_behavior+ecephys+image+ogen.nwb,440957,,99,99,98,N/A,N/A,N/A,audio delay,1,left,no early,hit,0,0,676.0006,680.8894,676.5006,677.27,677.27,677.92,677.92,679.12,679.12,680.62,"679.3634, 679.4881, 679.6430, 679.7734, 679.9020, 680.0309, 680.1541, 680.1719, 680.2842, 680.4100, 680.5231, 680.6411, 680.7651",,,,4.88880000000006,,
sub-440957/sub-440957_ses-20190211T143614_behavior+ecephys+image+ogen.nwb,440957,,100,100,99,2.045,5.500,0.5000,audio delay,1,right,no early,hit,0,0,683.7371,688.6053,684.2371,685.1319,685.1319,685.7819,685.7819,686.9819,686.9819,688.4819,,"687.0793, 687.1803, 687.3197, 687.4354, 687.5826, 687.7158, 687.8436, 687.9792, 688.1100, 688.2520, 688.3840, 688.5264",685.7821,686.2821,4.868200000000002,,
sub-440957/sub-440957_ses-20190211T143614_behavior+ecephys+image+ogen.nwb,440957,,101,101,100,2.053,5.500,0.5000,audio delay,1,left,no early,miss,0,0,691.4155,694.8945,691.9155,692.8187,692.8187,693.4687,693.4687,694.6687,694.6687,,,694.7945,693.4685,693.9685,3.479000000000042,,
sub-440957/sub-440957_ses-20190211T143614_behavior+ecephys+image+ogen.nwb,440957,,102,102,101,N/A,N/A,N/A,audio delay,1,left,no early,hit,0,0,696.824,701.6227,697.324,698.0477,698.0477,698.6977,698.6977,699.8977,699.8977,701.3977,"700.0967, 700.2078, 700.3593, 700.4886, 700.6200, 700.7385, 700.8687, 700.9931, 701.1353, 701.2512, 701.3770, 701.5119",,,,4.7987000000000535,,
sub-440957/sub-440957_ses-20190211T143614_behavior+ecephys+image+ogen.nwb,440957,,103,103,102,N/A,N/A,N/A,audio delay,1,left,no early,hit,0,0,704.0086,709.1183,704.5086,705.3617,705.3617,706.0117,706.0117,707.2117,707.2117,708.7117,"707.5923, 707.7377, 707.8786, 708.0146, 708.1477, 708.2675, 708.3875, 708.5121, 708.6323, 708.7690, 708.9323, 709.0641",,,,5.109699999999975,,
sub-440957/sub-440957_ses-20190211T143614_behavior+ecephys+image+ogen.nwb,440957,,104,104,103,N/A,N/A,N/A,audio delay,1,right,no early,hit,0,0,711.6672,716.5556,712.1672,713.0566,713.0566,713.7066,713.7066,714.9066,714.9066,716.4066,,"715.0296, 715.1437, 715.2728, 715.4049, 715.5467, 715.6676, 715.8055, 715.8407, 715.9382, 716.0740, 716.2174, 716.3548, 716.4921",,,4.888400000000047,,
sub-440957/sub-440957_ses-20190211T143614_behavior+ecephys+image+ogen.nwb,440957,,105,105,104,1.810,5.500,0.5000,audio delay,1,left,no early,hit,0,0,718.9416,723.6461,719.4416,720.1019,720.1019,720.7519,720.7519,721.9519,721.9519,723.4519,"722.1201, 722.2529, 722.4001, 722.5321, 722.6718, 722.8082, 722.8306, 722.9308, 723.0578, 723.1890, 723.3073, 723.4425, 723.5793",,720.7516,721.2516,4.704500000000053,,
sub-440957/sub-440957_ses-20190211T143614_behavior+ecephys+image+ogen.nwb,440957,,106,106,105,1.900,5.500,0.5000,audio delay,1,right,no early,hit,0,0,725.9806,730.773,726.4806,727.2303,727.2303,727.8803,727.8803,729.0803,729.0803,730.5803,,"729.2470, 729.3265, 729.4755, 729.5073, 729.6021, 729.7359, 729.9440, 730.0817, 730.2177, 730.3473, 730.4887, 730.6264, 730.7489",727.8806,728.3806,4.792400000000043,,
sub-440957/sub-440957_ses-20190211T143614_behavior+ecephys+image+ogen.nwb,440957,,107,107,106,1.940,5.500,0.5000,audio delay,1,left,no early,hit,0,0,733.081,737.9973,733.581,734.371,734.371,735.021,735.021,736.221,736.221,737.721,"736.4713, 736.6165, 736.7492, 736.8760, 737.0050, 737.0349, 737.1385, 737.2701, 737.3853, 737.5071, 737.6415, 737.7645, 737.8936",,735.0210,735.5210,4.916299999999978,,
sub-440957/sub-440957_ses-20190211T143614_behavior+ecephys+image+ogen.nwb,440957,,108,108,107,N/A,N/A,N/A,audio delay,1,left,no early,hit,0,0,740.2369,745.0305,740.7369,741.4114,741.4114,742.0614,742.0614,743.2614,743.2614,744.7614,"743.5045, 743.6415, 743.7840, 743.9344, 744.0589, 744.1929, 744.3137, 744.4363, 744.5510, 744.6708, 744.8218, 744.9328",,,,4.793599999999969,,
sub-440957/sub-440957_ses-20190211T143614_behavior+ecephys+image+ogen.nwb,440957,,109,109,108,N/A,N/A,N/A,audio delay,1,left,no early,hit,0,0,747.5745,752.4064,748.0745,748.8691,748.8691,749.5191,749.5191,750.7191,750.7191,752.2191,"750.8804, 750.9854, 751.1313, 751.2697, 751.4083, 751.4503, 751.5402, 751.6671, 751.7809, 751.8994, 752.0236, 752.1651, 752.2977",,,,4.831900000000019,,
sub-440957/sub-440957_ses-20190211T143614_behavior+ecephys+image+ogen.nwb,440957,,110,110,109,N/A,N/A,N/A,audio delay,1,left,no early,hit,0,0,755.5357,760.4163,756.0357,756.8212,756.8212,757.4712,757.4712,758.6712,758.6712,760.1712,"758.8903, 759.0035, 759.1624, 759.2815, 759.4147, 759.5582, 759.6970, 759.8428, 759.9728, 760.1147, 760.2494, 760.3720",,,,4.8805999999999585,,
sub-440957/sub-440957_ses-20190211T143614_behavior+ecephys+image+ogen.nwb,440957,,111,111,110,N/A,N/A,N/A,audio delay,1,right,no early,hit,0,0,763.2514,768.1061,763.7514,764.5875,764.5875,765.2375,765.2375,766.4375,766.4375,767.9375,,"766.5801, 766.7117, 766.8326, 766.9847, 767.1191, 767.2422, 767.3801, 767.5235, 767.6546, 767.7914, 767.9277, 768.0624",,,4.85469999999998,,
sub-440957/sub-440957_ses-20190211T143614_behavior+ecephys+image+ogen.nwb,440957,,112,112,111,1.991,5.500,0.5000,audio delay,1,left,no early,hit,0,0,770.7537,775.7361,771.2537,772.0948,772.0948,772.7448,772.7448,773.9448,773.9448,775.4448,"774.2101, 774.3413, 774.4813, 774.5292, 774.6106, 774.7385, 774.8664, 774.9808, 775.1073, 775.2456, 775.3833, 775.4997, 775.6223",,772.7447,773.2447,4.982399999999984,,
sub-440957/sub-440957_ses-20190211T143614_behavior+ecephys+image+ogen.nwb,440957,,113,113,112,N/A,N/A,N/A,audio delay,1,left,no early,hit,0,0,778.0978,783.0364,778.5978,779.503,779.503,780.153,780.153,781.353,781.353,782.853,"781.5104, 781.6139, 781.7707, 781.8996, 782.0363, 782.1694, 782.3085, 782.4374, 782.5652, 782.6974, 782.8214, 782.9493",,,,4.938599999999951,,
sub-440957/sub-440957_ses-20190211T143614_behavior+ecephys+image+ogen.nwb,440957,,114,114,113,N/A,N/A,N/A,audio delay,1,left,no early,hit,0,0,788.3784,793.3991,788.8784,789.7712,789.7712,790.4212,790.4212,791.6212,791.6212,793.1212,"791.8731, 792.0057, 792.1556, 792.2976, 792.4336, 792.5644, 792.6013, 792.6909, 792.8122, 792.9549, 793.0912, 793.2379, 793.3799",,,,5.02069999999992,,
sub-440957/sub-440957_ses-20190211T143614_behavior+ecephys+image+ogen.nwb,440957,,115,115,114,N/A,N/A,N/A,audio delay,1,left,no early,hit,0,0,795.6023,800.4606,796.1023,796.9086,796.9086,797.5586,797.5586,798.7586,798.7586,800.2586,"798.9346, 799.0809, 799.2112, 799.3492, 799.4687, 799.6138, 799.7467, 799.8812, 800.0003, 800.1307, 800.2529, 800.3853",,,,4.858299999999986,,
sub-440957/sub-440957_ses-20190211T143614_behavior+ecephys+image+ogen.nwb,440957,,116,116,115,N/A,N/A,N/A,audio delay,1,right,no early,hit,0,0,804.1371,809.0682,804.6371,805.4759,805.4759,806.1259,806.1259,807.3259,807.3259,808.8259,,"807.5422, 807.6581, 807.7145, 807.8217, 807.9621, 808.1095, 808.2400, 808.3671, 808.4940, 808.6247, 808.7683, 808.8870, 809.0203",,,4.931100000000015,,
sub-440957/sub-440957_ses-20190211T143614_behavior+ecephys+image+ogen.nwb,440957,,117,117,116,N/A,N/A,N/A,audio delay,1,left,no early,miss,0,0,811.9312,815.4797,812.4312,813.2944,813.2944,813.9444,813.9444,815.1444,815.1444,,,815.3797,,,3.54849999999999,,
sub-440957/sub-440957_ses-20190211T143614_behavior+ecephys+image+ogen.nwb,440957,,118,118,117,N/A,N/A,N/A,audio delay,1,left,no early,hit,0,0,817.3829,822.3359,817.8829,818.7254,818.7254,819.3754,819.3754,820.5754,820.5754,822.0754,"820.8099, 820.9427, 821.0833, 821.2065, 821.3335, 821.4677, 821.5890, 821.7311, 821.8475, 821.9677, 822.0986, 822.2359",,,,4.953000000000088,,
sub-440957/sub-440957_ses-20190211T143614_behavior+ecephys+image+ogen.nwb,440957,,119,119,118,N/A,N/A,N/A,audio delay,1,left,no early,hit,0,0,825.0407,829.8034,825.5407,826.2146,826.2146,826.8646,826.8646,828.0646,828.0646,829.5646,"828.2774, 828.4063, 828.5392, 828.6634, 828.8181, 828.9492, 829.0741, 829.2057, 829.3271, 829.4515, 829.5749, 829.6943",,,,4.762699999999995,,
sub-440957/sub-440957_ses-20190211T143614_behavior+ecephys+image+ogen.nwb,440957,,120,120,119,N/A,N/A,N/A,audio delay,1,left,no early,miss,0,0,833.1541,836.5541,833.6541,834.4826,834.4826,835.1326,835.1326,836.3326,836.3326,,,"836.4541, 836.5506",,,3.3999999999999773,,
sub-440957/sub-440957_ses-20190211T143614_behavior+ecephys+image+ogen.nwb,440957,,121,121,120,N/A,N/A,N/A,audio delay,1,right,no early,hit,0,0,838.4637,843.2725,838.9637,839.6898,839.6898,840.3398,840.3398,841.5398,841.5398,843.0398,,"841.7465, 841.8582, 841.9952, 842.1385, 842.2641, 842.3926, 842.5121, 842.6422, 842.7727, 842.9236, 843.0475, 843.1788",,,4.808800000000019,,
sub-440957/sub-440957_ses-20190211T143614_behavior+ecephys+image+ogen.nwb,440957,,122,122,121,N/A,N/A,N/A,audio delay,1,left,no early,hit,0,0,845.7195,850.5603,846.2195,846.8869,846.8869,847.5369,847.5369,848.7369,848.7369,850.2369,"849.0343, 849.1616, 849.3028, 849.4351, 849.5619, 849.6939, 849.8267, 849.9491, 849.9809, 850.0823, 850.2022, 850.3427, 850.4689",,,,4.840799999999945,,
sub-440957/sub-440957_ses-20190211T143614_behavior+ecephys+image+ogen.nwb,440957,,123,123,122,1.860,5.500,0.5000,audio delay,1,right,no early,hit,0,0,853.2259,857.9413,853.7259,854.4355,854.4355,855.0855,855.0855,856.2855,856.2855,857.7855,,"856.4153, 856.5483, 856.6907, 856.8231, 856.9508, 857.1009, 857.2296, 857.2539, 857.3523, 857.4772, 857.6196, 857.7573, 857.8905",855.0859,855.5859,4.715399999999931,,
sub-440957/sub-440957_ses-20190211T143614_behavior+ecephys+image+ogen.nwb,440957,,124,124,123,1.990,5.500,0.5000,audio delay,1,left,no early,hit,0,0,861.0691,866.0072,861.5691,862.4093,862.4093,863.0593,863.0593,864.2593,864.2593,865.7593,"864.4812, 864.6239, 864.7783, 864.9085, 865.0468, 865.1691, 865.2979, 865.4126, 865.5331, 865.6656, 865.7947, 865.9179",,863.0591,863.5591,4.938099999999963,,
sub-440957/sub-440957_ses-20190211T143614_behavior+ecephys+image+ogen.nwb,440957,,125,125,124,N/A,N/A,N/A,audio delay,1,left,no early,hit,0,0,868.8503,873.5962,869.3503,870.0546,870.0546,870.7046,870.7046,871.9046,871.9046,873.4046,"872.0702, 872.2036, 872.3475, 872.4668, 872.6046, 872.7217, 872.8369, 872.9587, 873.0818, 873.2018, 873.3233, 873.4519, 873.5805",,,,4.745900000000006,,
sub-440957/sub-440957_ses-20190211T143614_behavior+ecephys+image+ogen.nwb,440957,,126,126,125,1.848,5.500,0.5000,audio delay,1,left,no early,hit,0,0,876.9092,881.7136,877.4092,878.1074,878.1074,878.7574,878.7574,879.9574,879.9574,881.4574,"880.1876, 880.3118, 880.4672, 880.5943, 880.7295, 880.8601, 880.9885, 881.1218, 881.2453, 881.3655, 881.4922, 881.6565",,878.7572,879.2572,4.804399999999987,,
sub-440957/sub-440957_ses-20190211T143614_behavior+ecephys+image+ogen.nwb,440957,,127,127,126,N/A,N/A,N/A,audio delay,1,left,no early,miss,0,0,884.2636,887.5713,884.7636,885.5044,885.5044,886.1544,886.1544,887.3544,887.3544,,,887.4713,,,3.3076999999999543,,
sub-440957/sub-440957_ses-20190211T143614_behavior+ecephys+image+ogen.nwb,440957,,128,128,127,N/A,N/A,N/A,audio delay,1,right,no early,hit,0,0,889.6897,894.4341,890.1897,890.8922,890.8922,891.5422,891.5422,892.7422,892.7422,894.2422,,"892.9081, 893.0142, 893.1507, 893.2643, 893.3776, 893.5143, 893.6391, 893.7698, 893.9251, 894.0682, 894.1913, 894.3408",,,4.744399999999928,,
sub-440957/sub-440957_ses-20190211T143614_behavior+ecephys+image+ogen.nwb,440957,,129,129,128,2.047,5.500,0.5000,audio delay,1,left,no early,hit,0,0,896.5309,901.5291,897.0309,897.9274,897.9274,898.5774,898.5774,899.7774,899.7774,901.2774,"900.0031, 900.1221, 900.2767, 900.4081, 900.4556, 900.5395, 900.6645, 900.7891, 900.9118, 901.0492, 901.1678, 901.2893, 901.4360",,898.5779,899.0779,4.998199999999997,,
sub-440957/sub-440957_ses-20190211T143614_behavior+ecephys+image+ogen.nwb,440957,,130,130,129,N/A,N/A,N/A,audio delay,1,left,no early,miss,0,0,904.2259,907.7994,904.7259,905.6344,905.6344,906.2844,906.2844,907.4844,907.4844,,,907.6994,,,3.5734999999999673,,
sub-440957/sub-440957_ses-20190211T143614_behavior+ecephys+image+ogen.nwb,440957,,131,131,130,1.947,5.500,0.5000,audio delay,1,right,no early,hit,0,0,909.7146,914.6626,910.2146,911.0119,911.0119,911.6619,911.6619,912.8619,912.8619,914.3619,,"913.1366, 913.2503, 913.4131, 913.4431, 913.5511, 913.6726, 913.7971, 913.9244, 914.0677, 914.2045, 914.3542, 914.4898, 914.6122",911.6616,912.1616,4.947999999999979,,
sub-440957/sub-440957_ses-20190211T143614_behavior+ecephys+image+ogen.nwb,440957,,132,132,131,N/A,N/A,N/A,audio delay,1,left,no early,hit,0,0,916.8398,921.6927,917.3398,918.0857,918.0857,918.7357,918.7357,919.9357,919.9357,921.4357,"920.1667, 920.3066, 920.4469, 920.5844, 920.7134, 920.8408, 920.9623, 921.0861, 921.2389, 921.3531, 921.4848, 921.6164",,,,4.852899999999977,,
sub-440957/sub-440957_ses-20190211T143614_behavior+ecephys+image+ogen.nwb,440957,,133,133,132,N/A,N/A,N/A,audio delay,1,right,no early,hit,0,0,923.9953,928.6853,924.4953,925.1977,925.1977,925.8477,925.8477,927.0477,927.0477,928.5477,,"927.1593, 927.2890, 927.4084, 927.5466, 927.6921, 927.8133, 927.9427, 928.0579, 928.1966, 928.3518, 928.4777, 928.5910",,,4.689999999999941,,
sub-440957/sub-440957_ses-20190211T143614_behavior+ecephys+image+ogen.nwb,440957,,134,134,133,N/A,N/A,N/A,audio delay,1,right,no early,hit,0,0,932.5754,937.2941,933.0754,933.7762,933.7762,934.4262,934.4262,935.6262,935.6262,937.1262,,"935.7681, 935.8793, 936.0381, 936.1585, 936.2758, 936.4174, 936.5423, 936.6753, 936.8052, 936.9494, 937.0959, 937.2231",,,4.7187000000000126,,
sub-440957/sub-440957_ses-20190211T143614_behavior+ecephys+image+ogen.nwb,440957,,135,135,134,N/A,N/A,N/A,audio delay,1,left,no early,hit,0,0,939.2983,944.1906,939.7983,940.6354,940.6354,941.2854,941.2854,942.4854,942.4854,943.9854,"942.6646, 942.7829, 942.9252, 943.0661, 943.1924, 943.3251, 943.4493, 943.5824, 943.6997, 943.8222, 943.9505, 944.0849",,,,4.8922999999999774,,
sub-440957/sub-440957_ses-20190211T143614_behavior+ecephys+image+ogen.nwb,440957,,136,136,135,N/A,N/A,N/A,audio delay,1,left,no early,hit,0,0,946.5998,951.5254,947.0998,947.8582,947.8582,948.5082,948.5082,949.7082,949.7082,951.2082,"949.9994, 950.1333, 950.2705, 950.3994, 950.5340, 950.6603, 950.8019, 950.9290, 951.0662, 951.1925, 951.3140, 951.4346",,,,4.925600000000031,,
sub-440957/sub-440957_ses-20190211T143614_behavior+ecephys+image+ogen.nwb,440957,,137,137,136,2.032,5.500,0.5000,audio delay,1,left,no early,miss,0,0,953.8246,957.4235,954.3246,955.2068,955.2068,955.8568,955.8568,957.0568,957.0568,,,957.3235,955.8566,956.3566,3.598899999999958,,
sub-440957/sub-440957_ses-20190211T143614_behavior+ecephys+image+ogen.nwb,440957,,138,138,137,1.995,5.500,0.5000,audio delay,1,right,early,miss,0,0,959.3962,964.0879,959.8962,960.7411,960.7411,961.3911,961.3911,962.4749,963.7988,,"962.3749, 962.4988, 963.9879",,961.3912,961.8912,4.691699999999969,,
sub-440957/sub-440957_ses-20190211T143614_behavior+ecephys+image+ogen.nwb,440957,,139,139,138,N/A,N/A,N/A,audio delay,1,left,no early,miss,0,0,966.061,969.4835,966.561,967.3169,967.3169,967.9669,967.9669,969.1669,969.1669,,,969.3835,,,3.4225000000000136,,
sub-440957/sub-440957_ses-20190211T143614_behavior+ecephys+image+ogen.nwb,440957,,140,140,139,N/A,N/A,N/A,audio delay,1,left,no early,hit,0,0,971.4558,976.1761,971.9558,972.618,972.618,973.268,973.268,974.468,974.468,975.968,"974.6501, 974.7845, 974.9446, 975.0683, 975.2016, 975.3239, 975.4442, 975.5602, 975.6914, 975.8106, 975.9396, 976.0588",,,,4.720300000000066,,
sub-440957/sub-440957_ses-20190211T143614_behavior+ecephys+image+ogen.nwb,440957,,141,141,140,N/A,N/A,N/A,audio delay,1,left,no early,hit,0,0,978.9229,983.7319,979.4229,980.092,980.092,980.742,980.742,981.942,981.942,983.442,"982.2059, 982.3447, 982.4765, 982.6175, 982.7462, 982.8794, 983.0059, 983.1176, 983.2425, 983.3721, 983.5094, 983.6308",,,,4.808999999999969,,
sub-440957/sub-440957_ses-20190211T143614_behavior+ecephys+image+ogen.nwb,440957,,142,142,141,N/A,N/A,N/A,audio delay,1,right,no early,hit,0,0,988.5248,993.2753,989.0248,989.7485,989.7485,990.3985,990.3985,991.5985,991.5985,993.0985,,"991.7493, 991.8662, 992.0079, 992.1349, 992.2678, 992.4058, 992.5254, 992.6580, 992.7929, 992.9438, 993.0742, 993.2077",,,4.750499999999988,,
sub-440957/sub-440957_ses-20190211T143614_behavior+ecephys+image+ogen.nwb,440957,,143,143,142,N/A,N/A,N/A,audio delay,1,left,no early,hit,0,0,995.5591,1000.6041,996.0591,996.941,996.941,997.591,997.591,998.791,998.791,1000.291,"999.0781, 999.2219, 999.3395, 999.4680, 999.5982, 999.7253, 999.8612, 1000.0140, 1000.1459, 1000.2666, 1000.3948, 1000.5295",,,,5.045000000000073,,
sub-440957/sub-440957_ses-20190211T143614_behavior+ecephys+image+ogen.nwb,440957,,144,144,143,1.975,5.500,0.5000,audio delay,1,right,no early,hit,0,0,1002.6079,1007.4488,1003.1079,1003.9329,1003.9329,1004.5829,1004.5829,1005.7829,1005.7829,1007.2829,,"1005.9228, 1006.0499, 1006.1750, 1006.3076, 1006.4479, 1006.5682, 1006.6957, 1006.8446, 1006.9744, 1007.1222, 1007.2415, 1007.3836",1004.5829,1005.0829,4.840900000000033,,
sub-440957/sub-440957_ses-20190211T143614_behavior+ecephys+image+ogen.nwb,440957,,145,145,144,N/A,N/A,N/A,audio delay,1,right,no early,hit,0,0,1009.6405,1014.4427,1010.1405,1010.9101,1010.9101,1011.5601,1011.5601,1012.7601,1012.7601,1014.2601,,"1012.9167, 1013.0123, 1013.1439, 1013.2811, 1013.4069, 1013.5312, 1013.6668, 1013.8008, 1013.9331, 1014.0725, 1014.2126, 1014.3530",,,4.802199999999971,,
sub-440957/sub-440957_ses-20190211T143614_behavior+ecephys+image+ogen.nwb,440957,,146,146,145,N/A,N/A,N/A,audio delay,1,left,no early,hit,0,0,1016.7071,1021.4927,1017.2071,1017.907,1017.907,1018.557,1018.557,1019.757,1019.757,1021.257,"1019.9667, 1020.0921, 1020.2311, 1020.3595, 1020.4908, 1020.6119, 1020.7405, 1020.8661, 1020.9893, 1021.1318, 1021.2559, 1021.3958",,,,4.785600000000045,,
sub-440957/sub-440957_ses-20190211T143614_behavior+ecephys+image+ogen.nwb,440957,,147,147,146,N/A,N/A,N/A,audio delay,1,right,no early,hit,0,0,1023.7792,1028.6466,1024.2792,1025.1174,1025.1174,1025.7674,1025.7674,1026.9674,1026.9674,1028.4674,,"1027.1206, 1027.2281, 1027.3769, 1027.5139, 1027.6538, 1027.7854, 1027.9049, 1028.0259, 1028.1594, 1028.3215, 1028.4364, 1028.5900",,,4.867400000000089,,
sub-440957/sub-440957_ses-20190211T143614_behavior+ecephys+image+ogen.nwb,440957,,148,148,147,N/A,N/A,N/A,audio delay,1,left,no early,miss,0,0,1031.2294,1034.6649,1031.7294,1032.4766,1032.4766,1033.1266,1033.1266,1034.3266,1034.3266,,,1034.5649,,,3.4355000000000473,,
sub-440957/sub-440957_ses-20190211T143614_behavior+ecephys+image+ogen.nwb,440957,,149,149,148,N/A,N/A,N/A,audio delay,1,right,no early,hit,0,0,1036.7897,1041.5168,1037.2897,1038.0061,1038.0061,1038.6561,1038.6561,1039.8561,1039.8561,1041.3561,,"1039.9908, 1040.0779, 1040.2177, 1040.3594, 1040.4760, 1040.6101, 1040.7431, 1040.8561, 1040.9836, 1041.1418, 1041.2753, 1041.4148",,,4.727100000000064,,
sub-440957/sub-440957_ses-20190211T143614_behavior+ecephys+image+ogen.nwb,440957,,150,150,149,N/A,N/A,N/A,audio delay,1,left,no early,hit,0,0,1043.7661,1048.6466,1044.2661,1045.0243,1045.0243,1045.6743,1045.6743,1046.8743,1046.8743,1048.3743,"1047.1206, 1047.2619, 1047.3951, 1047.5298, 1047.6581, 1047.7881, 1047.9232, 1048.0369, 1048.1554, 1048.2770, 1048.4074, 1048.5451",,,,4.880499999999984,,
sub-440957/sub-440957_ses-20190211T143614_behavior+ecephys+image+ogen.nwb,440957,,151,151,150,N/A,N/A,N/A,audio delay,1,left,no early,hit,0,0,1052.5601,1057.5036,1053.0601,1053.8685,1053.8685,1054.5185,1054.5185,1055.7185,1055.7185,1057.2185,"1055.9776, 1056.1008, 1056.2370, 1056.3761, 1056.5155, 1056.6354, 1056.7524, 1056.8793, 1056.9954, 1057.1149, 1057.2560, 1057.3873",,,,4.9435000000000855,,
sub-440957/sub-440957_ses-20190211T143614_behavior+ecephys+image+ogen.nwb,440957,,152,152,151,N/A,N/A,N/A,audio delay,1,left,no early,miss,0,0,1061.2878,1064.5448,1061.7878,1062.4898,1062.4898,1063.1398,1063.1398,1064.3398,1064.3398,,,1064.4448,,,3.2569999999998345,,
sub-440957/sub-440957_ses-20190211T143614_behavior+ecephys+image+ogen.nwb,440957,,153,153,152,N/A,N/A,N/A,audio delay,1,right,no early,miss,0,0,1066.5429,1069.8662,1067.0429,1067.772,1067.772,1068.422,1068.422,1069.622,1069.622,,1069.7662,,,,3.3233000000000175,,
sub-440957/sub-440957_ses-20190211T143614_behavior+ecephys+image+ogen.nwb,440957,,154,154,153,N/A,N/A,N/A,audio delay,1,left,no early,hit,0,0,1071.8656,1076.8127,1072.3656,1073.2103,1073.2103,1073.8603,1073.8603,1075.0603,1075.0603,1076.5603,"1075.2867, 1075.4301, 1075.5711, 1075.7170, 1075.7645, 1075.7672, 1075.8641, 1075.9800, 1076.0965, 1076.2368, 1076.3504, 1076.4760, 1076.6088, 1076.7398",,,,4.947099999999864,,
sub-440957/sub-440957_ses-20190211T143614_behavior+ecephys+image+ogen.nwb,440957,,155,155,154,N/A,N/A,N/A,audio delay,1,right,no early,hit,0,0,1080.7742,1085.6009,1081.2742,1081.9974,1081.9974,1082.6474,1082.6474,1083.8474,1083.8474,1085.3474,,"1084.0749, 1084.2286, 1084.3550, 1084.4927, 1084.6037, 1084.6335, 1084.7576, 1084.8950, 1085.0255, 1085.1728, 1085.2965, 1085.4329, 1085.5984",,,4.826699999999846,,
sub-440957/sub-440957_ses-20190211T143614_behavior+ecephys+image+ogen.nwb,440957,,156,156,155,1.819,5.500,0.5000,audio delay,1,left,no early,miss,0,0,1087.6822,1090.9136,1088.1822,1088.851,1088.851,1089.501,1089.501,1090.701,1090.701,,,1090.8136,1089.5012,1090.0012,3.2314000000001215,,
sub-440957/sub-440957_ses-20190211T143614_behavior+ecephys+image+ogen.nwb,440957,,157,157,156,N/A,N/A,N/A,audio delay,1,right,no early,hit,0,0,1093.097,1097.9656,1093.597,1094.3758,1094.3758,1095.0258,1095.0258,1096.2258,1096.2258,1097.7258,,"1096.4396, 1096.5464, 1096.7029, 1096.8392, 1096.9637, 1097.0929, 1097.2122, 1097.3533, 1097.4949, 1097.6352, 1097.7553, 1097.8820",,,4.868600000000015,,
sub-440957/sub-440957_ses-20190211T143614_behavior+ecephys+image+ogen.nwb,440957,,158,158,157,N/A,N/A,N/A,audio delay,1,left,no early,hit,0,0,1100.8222,1105.7642,1101.3222,1102.1087,1102.1087,1102.7587,1102.7587,1103.9587,1103.9587,1105.4587,"1104.2382, 1104.3604, 1104.5339, 1104.6641, 1104.7964, 1104.9185, 1105.0517, 1105.1849, 1105.3198, 1105.4390, 1105.5668, 1105.7080",,,,4.942000000000007,,
sub-440957/sub-440957_ses-20190211T143614_behavior+ecephys+image+ogen.nwb,440957,,159,159,158,N/A,N/A,N/A,audio delay,1,right,no early,hit,0,0,1108.3694,1113.2228,1108.8694,1109.6152,1109.6152,1110.2652,1110.2652,1111.4652,1111.4652,1112.9652,,"1111.6968, 1111.8066, 1111.9532, 1111.9858, 1112.0961, 1112.2309, 1112.3649, 1112.5023, 1112.6179, 1112.7407, 1112.8875, 1113.0357, 1113.1495",,,4.853399999999965,,
sub-440957/sub-440957_ses-20190211T143614_behavior+ecephys+image+ogen.nwb,440957,,160,160,159,N/A,N/A,N/A,audio delay,1,left,no early,hit,0,0,1115.2485,1120.2433,1115.7485,1116.6564,1116.6564,1117.3064,1117.3064,1118.5064,1118.5064,1120.0064,"1118.7173, 1118.8719, 1119.0224, 1119.1512, 1119.2950, 1119.4130, 1119.5380, 1119.6755, 1119.7916, 1119.9215, 1120.0612",,,,4.994800000000168,,
sub-440957/sub-440957_ses-20190211T143614_behavior+ecephys+image+ogen.nwb,440957,,161,161,160,N/A,N/A,N/A,audio delay,1,left,no early,hit,0,0,1122.1907,1127.2305,1122.6907,1123.5825,1123.5825,1124.2325,1124.2325,1125.4325,1125.4325,1126.9325,"1125.7045, 1125.8208, 1125.9795, 1126.1124, 1126.2613, 1126.3978, 1126.5205, 1126.6483, 1126.7679, 1126.8940, 1127.0369, 1127.1512",,,,5.0397999999997865,,
sub-440957/sub-440957_ses-20190211T143614_behavior+ecephys+image+ogen.nwb,440957,,162,162,161,1.980,5.500,0.5000,audio delay,1,left,no early,hit,0,0,1129.2353,1134.1848,1129.7353,1130.5649,1130.5649,1131.2149,1131.2149,1132.4149,1132.4149,1133.9149,"1132.6588, 1132.7963, 1132.9479, 1133.0782, 1133.1159, 1133.2085, 1133.3332, 1133.3645, 1133.4545, 1133.5807, 1133.6985, 1133.8135, 1133.9359, 1134.0705",,1131.2153,1131.7153,4.949499999999944,,
sub-440957/sub-440957_ses-20190211T143614_behavior+ecephys+image+ogen.nwb,440957,,163,163,162,N/A,N/A,N/A,audio delay,1,left,no early,hit,0,0,1137.9799,1142.7663,1138.4799,1139.1644,1139.1644,1139.8144,1139.8144,1141.0144,1141.0144,1142.5144,"1141.2403, 1141.3741, 1141.5165, 1141.6575, 1141.7952, 1141.9223, 1141.9551, 1142.0427, 1142.1626, 1142.1883, 1142.2792, 1142.4337, 1142.5655, 1142.6888",,,,4.786399999999958,,
sub-440957/sub-440957_ses-20190211T143614_behavior+ecephys+image+ogen.nwb,440957,,164,164,163,N/A,N/A,N/A,audio delay,1,right,no early,hit,0,0,1145.627,1150.439,1146.127,1146.8595,1146.8595,1147.5095,1147.5095,1148.7095,1148.7095,1150.2095,,"1148.9130, 1149.0355, 1149.1719, 1149.2856, 1149.4456, 1149.5798, 1149.7203, 1149.8577, 1149.9871, 1150.0932, 1150.2324, 1150.4007",,,4.8120000000001255,,
sub-440957/sub-440957_ses-20190211T143614_behavior+ecephys+image+ogen.nwb,440957,,165,165,164,1.964,5.500,0.5000,audio delay,1,left,no early,hit,0,0,1152.5225,1157.4717,1153.0225,1153.8362,1153.8362,1154.4862,1154.4862,1155.6862,1155.6862,1157.1862,"1155.9457, 1156.1080, 1156.2370, 1156.2773, 1156.3665, 1156.4992, 1156.6220, 1156.7408, 1156.8645, 1156.9798, 1157.1132, 1157.2484, 1157.3654",,1154.4865,1154.9865,4.949200000000019,,
sub-440957/sub-440957_ses-20190211T143614_behavior+ecephys+image+ogen.nwb,440957,,166,166,165,N/A,N/A,N/A,audio delay,1,left,no early,hit,0,0,1160.573,1165.4298,1161.073,1161.7974,1161.7974,1162.4474,1162.4474,1163.6474,1163.6474,1165.1474,"1163.9038, 1164.0481, 1164.2126, 1164.3450, 1164.4846, 1164.6282, 1164.7667, 1164.8920, 1165.0426, 1165.1663, 1165.2922, 1165.4195",,,,4.856799999999794,,
sub-440957/sub-440957_ses-20190211T143614_behavior+ecephys+image+ogen.nwb,440957,,167,167,166,N/A,N/A,N/A,audio delay,1,right,no early,hit,0,0,1167.5158,1172.2462,1168.0158,1168.776,1168.776,1169.426,1169.426,1170.626,1170.626,1172.126,,"1170.7202, 1170.8174, 1170.9482, 1171.0709, 1171.1861, 1171.3247, 1171.4712, 1171.5935, 1171.7283, 1171.8645, 1171.9998, 1172.1440",,,4.730400000000145,,
sub-440957/sub-440957_ses-20190211T143614_behavior+ecephys+image+ogen.nwb,440957,,168,168,167,N/A,N/A,N/A,audio delay,1,right,no early,miss,0,0,1174.5206,1178.1178,1175.0206,1175.8755,1175.8755,1176.5255,1176.5255,1177.7255,1177.7255,,1178.0178,,,,3.59719999999993,,
sub-440957/sub-440957_ses-20190211T143614_behavior+ecephys+image+ogen.nwb,440957,,169,169,168,2.036,5.500,0.5000,audio delay,1,right,no early,hit,0,0,1180.3095,1185.1799,1180.8095,1181.6954,1181.6954,1182.3454,1182.3454,1183.5454,1183.5454,1185.0454,,"1183.6539, 1183.7609, 1183.8959, 1184.0185, 1184.1351, 1184.2740, 1184.4116, 1184.5562, 1184.6803, 1184.8261, 1184.9782, 1185.0068, 1185.1351",1182.3455,1182.8455,4.870400000000018,,
sub-440957/sub-440957_ses-20190211T143614_behavior+ecephys+image+ogen.nwb,440957,,170,170,169,N/A,N/A,N/A,audio delay,1,right,no early,miss,0,0,1188.5201,1192.0729,1189.0201,1189.8504,1189.8504,1190.5004,1190.5004,1191.7004,1191.7004,,1191.9729,,,,3.552799999999934,,
sub-440957/sub-440957_ses-20190211T143614_behavior+ecephys+image+ogen.nwb,440957,,171,171,170,N/A,N/A,N/A,audio delay,1,left,no early,hit,0,0,1194.3999,1199.3047,1194.8999,1195.7228,1195.7228,1196.3728,1196.3728,1197.5728,1197.5728,1199.0728,"1197.7787, 1197.8134, 1197.9014, 1198.0417, 1198.1696, 1198.3020, 1198.4320, 1198.5426, 1198.6677, 1198.7823, 1198.9070, 1199.0482, 1199.1689, 1199.3008",,,,4.904800000000023,,
sub-440957/sub-440957_ses-20190211T143614_behavior+ecephys+image+ogen.nwb,440957,,172,172,171,N/A,N/A,N/A,audio delay,1,right,no early,hit,0,0,1201.7243,1206.6514,1202.2243,1203.0789,1203.0789,1203.7289,1203.7289,1204.9289,1204.9289,1206.4289,,"1205.1254, 1205.2447, 1205.3835, 1205.5192, 1205.6495, 1205.7853, 1205.9059, 1206.0322, 1206.1788, 1206.2961, 1206.4189, 1206.5510",,,4.927099999999882,,
sub-440957/sub-440957_ses-20190211T143614_behavior+ecephys+image+ogen.nwb,440957,,173,173,172,N/A,N/A,N/A,audio delay,1,right,no early,hit,0,0,1209.4823,1214.1727,1209.9823,1210.6982,1210.6982,1211.3482,1211.3482,1212.5482,1212.5482,1214.0482,"1212.9382, 1213.0975, 1213.1216",1212.6467,,,4.6904000000001815,,
sub-440957/sub-440957_ses-20190211T143614_behavior+ecephys+image+ogen.nwb,440957,,174,174,173,1.921,5.500,0.5000,audio delay,1,right,no early,hit,0,0,1216.1314,1220.8926,1216.6314,1217.4019,1217.4019,1218.0519,1218.0519,1219.2519,1219.2519,1220.7519,,"1219.3666, 1219.4798, 1219.6126, 1219.7393, 1219.8674, 1219.9925, 1220.1174, 1220.2566, 1220.4058, 1220.5351, 1220.6755, 1220.8128",1218.0524,1218.5524,4.761199999999917,,
sub-440957/sub-440957_ses-20190211T143614_behavior+ecephys+image+ogen.nwb,440957,,175,175,174,N/A,N/A,N/A,audio delay,1,right,no early,hit,0,0,1223.7848,1228.6723,1224.2848,1225.1758,1225.1758,1225.8258,1225.8258,1227.0258,1227.0258,1228.5258,,"1227.1463, 1227.2539, 1227.3868, 1227.5205, 1227.6582, 1227.7768, 1227.8907, 1228.0221, 1228.1649, 1228.3077, 1228.4297, 1228.5736",,,4.8875000000000455,,
sub-440957/sub-440957_ses-20190211T143614_behavior+ecephys+image+ogen.nwb,440957,,176,176,175,N/A,N/A,N/A,audio delay,1,left,no early,miss,0,0,1231.3951,1234.6532,1231.8951,1232.5772,1232.5772,1233.2272,1233.2272,1234.4272,1234.4272,,,1234.5532,,,3.258100000000013,,
sub-440957/sub-440957_ses-20190211T143614_behavior+ecephys+image+ogen.nwb,440957,,177,177,176,N/A,N/A,N/A,audio delay,1,left,no early,hit,0,0,1236.6498,1241.6173,1237.1498,1238.0103,1238.0103,1238.6603,1238.6603,1239.8603,1239.8603,1241.3603,"1240.0913, 1240.2141, 1240.3634, 1240.5163, 1240.6384, 1240.7489, 1240.8705, 1240.9957, 1241.1147, 1241.2360, 1241.3825, 1241.4934",,,,4.967499999999973,,
sub-440957/sub-440957_ses-20190211T143614_behavior+ecephys+image+ogen.nwb,440957,,178,178,177,N/A,N/A,N/A,audio delay,1,right,no early,miss,0,0,1245.2182,1248.6403,1245.7182,1246.5516,1246.5516,1247.2016,1247.2016,1248.4016,1248.4016,,1248.5403,,,,3.4221000000000004,,
sub-440957/sub-440957_ses-20190211T143614_behavior+ecephys+image+ogen.nwb,440957,,179,179,178,N/A,N/A,N/A,audio delay,1,left,no early,hit,0,0,1250.8019,1255.573,1251.3019,1251.9844,1251.9844,1252.6344,1252.6344,1253.8344,1253.8344,1255.3344,"1254.0470, 1254.1624, 1254.1804, 1254.3338, 1254.4508, 1254.5826, 1254.7329, 1254.8589, 1254.9924, 1255.1154, 1255.2358, 1255.3777, 1255.4906",,,,4.77110000000016,,
sub-440957/sub-440957_ses-20190211T143614_behavior+ecephys+image+ogen.nwb,440957,,180,180,179,N/A,N/A,N/A,audio delay,1,left,no early,miss,0,0,1257.756,1261.0144,1258.256,1258.9606,1258.9606,1259.6106,1259.6106,1260.8106,1260.8106,,,"1260.9144, 1261.0096",,,3.258399999999938,,
sub-440957/sub-440957_ses-20190211T143614_behavior+ecephys+image+ogen.nwb,440957,,181,181,180,N/A,N/A,N/A,audio delay,1,right,no early,hit,0,0,1262.9837,1267.6877,1263.4837,1264.1823,1264.1823,1264.8323,1264.8323,1266.0323,1266.0323,1267.5323,,"1266.1617, 1266.2772, 1266.4149, 1266.5528, 1266.6831, 1266.8056, 1266.9407, 1267.0751, 1267.1885, 1267.3138, 1267.4581, 1267.5847",,,4.703999999999951,,
sub-440957/sub-440957_ses-20190211T143614_behavior+ecephys+image+ogen.nwb,440957,,182,182,181,N/A,N/A,N/A,audio delay,1,right,no early,hit,0,0,1269.9984,1274.8894,1270.4984,1271.3227,1271.3227,1271.9727,1271.9727,1273.1727,1273.1727,1274.6727,,"1273.3634, 1273.5029, 1273.6470, 1273.7723, 1273.8975, 1274.0190, 1274.1503, 1274.2929, 1274.4287, 1274.5527, 1274.6995, 1274.8241",,,4.891000000000076,,
sub-440957/sub-440957_ses-20190211T143614_behavior+ecephys+image+ogen.nwb,440957,,183,183,182,N/A,N/A,N/A,audio delay,1,left,no early,hit,0,0,1278.1916,1283.1497,1278.6916,1279.5488,1279.5488,1280.1988,1280.1988,1281.3988,1281.3988,1282.8988,"1281.6237, 1281.7784, 1281.7884, 1281.9370, 1282.0753, 1282.2051, 1282.3397",,,,4.958099999999831,,
sub-440957/sub-440957_ses-20190211T143614_behavior+ecephys+image+ogen.nwb,440957,,184,184,183,N/A,N/A,N/A,audio delay,1,left,no early,hit,0,0,1285.1204,1289.9504,1285.6204,1286.3164,1286.3164,1286.9664,1286.9664,1288.1664,1288.1664,1289.6664,1288.4244,,,,4.829999999999927,,
sub-440957/sub-440957_ses-20190211T143614_behavior+ecephys+image+ogen.nwb,440957,,185,185,184,1.997,5.500,0.5000,audio delay,1,left,no early,hit,0,0,1291.9216,1296.8522,1292.4216,1293.2689,1293.2689,1293.9189,1293.9189,1295.1189,1295.1189,1296.6189,"1295.3262, 1295.4652, 1295.6050, 1295.6449, 1295.7467, 1295.8615, 1295.9807, 1296.1072, 1296.2282, 1296.3527, 1296.4726, 1296.6069, 1296.7192, 1296.8448",,1293.9186,1294.4186,4.93060000000014,,
sub-440957/sub-440957_ses-20190211T143614_behavior+ecephys+image+ogen.nwb,440957,,186,186,185,N/A,N/A,N/A,audio delay,1,left,no early,hit,0,0,1304.2752,1309.0754,1304.7752,1305.4497,1305.4497,1306.0997,1306.0997,1307.2997,1307.2997,1308.7997,"1307.5494, 1307.6795, 1307.8251, 1307.9655, 1308.0946, 1308.2144, 1308.3432, 1308.4622, 1308.5940, 1308.7163, 1308.8451, 1308.9878",,,,4.800199999999904,,
sub-440957/sub-440957_ses-20190211T143614_behavior+ecephys+image+ogen.nwb,440957,,187,187,186,N/A,N/A,N/A,audio delay,1,right,no early,hit,0,0,1311.6926,1316.4219,1312.1926,1312.8887,1312.8887,1313.5387,1313.5387,1314.7387,1314.7387,1316.2387,,"1314.8959, 1314.9975, 1315.1432, 1315.2876, 1315.4215, 1315.5598, 1315.6830, 1315.8288, 1315.9696, 1316.0954, 1316.2326, 1316.3809",,,4.7292999999999665,,
sub-440957/sub-440957_ses-20190211T143614_behavior+ecephys+image+ogen.nwb,440957,,188,188,187,2.042,5.500,0.5000,audio delay,1,left,no early,hit,0,0,1318.5187,1323.5105,1319.0187,1319.9109,1319.9109,1320.5609,1320.5609,1321.7609,1321.7609,1323.2609,"1321.9845, 1322.1307, 1322.2745, 1322.3155, 1322.4184, 1322.5636, 1322.6788",,1320.5607,1321.0607,4.991800000000012,,
sub-440957/sub-440957_ses-20190211T143614_behavior+ecephys+image+ogen.nwb,440957,,189,189,188,N/A,N/A,N/A,audio delay,1,right,no early,hit,0,0,1325.4886,1330.3543,1325.9886,1326.883,1326.883,1327.533,1327.533,1328.733,1328.733,1330.233,,"1328.8283, 1328.9745, 1329.1193, 1329.2562, 1329.3831, 1329.5173, 1329.6364, 1329.7840, 1329.8081, 1329.9252, 1330.0513, 1330.2001, 1330.3281",,,4.865700000000061,,
sub-440957/sub-440957_ses-20190211T143614_behavior+ecephys+image+ogen.nwb,440957,,190,190,189,N/A,N/A,N/A,audio delay,1,left,no early,miss,0,0,1332.8777,1336.3392,1333.3777,1334.2283,1334.2283,1334.8783,1334.8783,1336.0783,1336.0783,,,1336.2392,,,3.4614999999998872,,
sub-440957/sub-440957_ses-20190211T143614_behavior+ecephys+image+ogen.nwb,440957,,191,191,190,N/A,N/A,N/A,audio delay,1,left,no early,hit,0,0,1338.3497,1343.1536,1338.8497,1339.5241,1339.5241,1340.1741,1340.1741,1341.3741,1341.3741,1342.8741,"1341.6276, 1341.7640, 1341.8022, 1341.9160",,,,4.803900000000112,,
sub-440957/sub-440957_ses-20190211T143614_behavior+ecephys+image+ogen.nwb,440957,,192,192,191,1.936,5.500,0.5000,audio delay,1,left,no early,hit,0,0,1345.1287,1350.0322,1345.6287,1346.4151,1346.4151,1347.0651,1347.0651,1348.2651,1348.2651,1349.7651,"1348.5062, 1348.6254, 1348.7805, 1348.9190, 1349.0689, 1349.2018, 1349.2325, 1349.3322, 1349.4449, 1349.4677, 1349.5698, 1349.6961, 1349.8251, 1349.9780",,1347.0647,1347.5647,4.903500000000122,,
sub-440957/sub-440957_ses-20190211T143614_behavior+ecephys+image+ogen.nwb,440957,,193,193,192,N/A,N/A,N/A,audio delay,1,left,no early,hit,0,0,1352.9018,1357.8155,1353.4018,1354.227,1354.227,1354.877,1354.877,1356.077,1356.077,1357.577,"1356.2895, 1356.3790, 1356.5189, 1356.6563, 1356.8011, 1356.9439, 1357.0697, 1357.1842, 1357.3090, 1357.4300, 1357.5433, 1357.6743, 1357.7893",,,,4.913699999999835,,
sub-440957/sub-440957_ses-20190211T143614_behavior+ecephys+image+ogen.nwb,440957,,194,194,193,N/A,N/A,N/A,audio delay,1,right,no early,hit,0,0,1361.4365,1366.3079,1361.9365,1362.8176,1362.8176,1363.4676,1363.4676,1364.6676,1364.6676,1366.1676,,"1364.7819, 1364.9058, 1365.0371, 1365.1593, 1365.3122, 1365.4643, 1365.6302",,,4.871399999999994,,
sub-440957/sub-440957_ses-20190211T143614_behavior+ecephys+image+ogen.nwb,440957,,195,195,194,N/A,N/A,N/A,audio delay,1,left,no early,hit,0,0,1368.29,1373.122,1368.79,1369.5695,1369.5695,1370.2195,1370.2195,1371.4195,1371.4195,1372.9195,"1371.5960, 1371.7119, 1371.8610, 1372.0021, 1372.1263, 1372.2726, 1372.3869, 1372.5128, 1372.6365, 1372.7640, 1372.8916, 1373.0149",,,,4.832000000000107,,
sub-440957/sub-440957_ses-20190211T143614_behavior+ecephys+image+ogen.nwb,440957,,196,196,195,N/A,N/A,N/A,audio delay,1,right,no early,hit,0,0,1375.5956,1380.3988,1376.0956,1376.8149,1376.8149,1377.4649,1377.4649,1378.6649,1378.6649,1380.1649,,"1378.8728, 1378.9489, 1379.0956, 1379.2364, 1379.3617, 1379.4861, 1379.6240, 1379.7609, 1379.8748, 1380.0040, 1380.1537, 1380.2922",,,4.803199999999833,,
sub-440957/sub-440957_ses-20190211T143614_behavior+ecephys+image+ogen.nwb,440957,,197,197,196,N/A,N/A,N/A,audio delay,1,left,no early,miss,0,0,1383.3828,1386.8003,1383.8828,1384.7359,1384.7359,1385.3859,1385.3859,1386.5859,1386.5859,,,1386.7003,,,3.417500000000018,,
sub-440957/sub-440957_ses-20190211T143614_behavior+ecephys+image+ogen.nwb,440957,,198,198,197,N/A,N/A,N/A,audio delay,1,right,no early,miss,0,0,1388.8322,1392.2419,1389.3322,1390.1462,1390.1462,1390.7962,1390.7962,1391.9962,1391.9962,,1392.1419,,,,3.40969999999993,,
sub-440957/sub-440957_ses-20190211T143614_behavior+ecephys+image+ogen.nwb,440957,,199,199,198,N/A,N/A,N/A,audio delay,1,right,no early,hit,0,0,1394.2764,1399.1893,1394.7764,1395.6093,1395.6093,1396.2593,1396.2593,1397.4593,1397.4593,1398.9593,,"1397.6633, 1397.7899, 1397.9413, 1398.0777, 1398.2054, 1398.3199, 1398.4559, 1398.5726, 1398.7110, 1398.8497, 1398.8916, 1398.9979, 1399.1544",,,4.912900000000036,,
sub-440957/sub-440957_ses-20190211T143614_behavior+ecephys+image+ogen.nwb,440957,,200,200,199,N/A,N/A,N/A,audio delay,1,left,no early,hit,0,0,1401.2915,1406.2875,1401.7915,1402.6201,1402.6201,1403.2701,1403.2701,1404.4701,1404.4701,1405.9701,"1404.7615, 1404.8837, 1405.0208, 1405.1684, 1405.3039, 1405.4393, 1405.5732, 1405.6995, 1405.8196, 1405.9491, 1406.0805, 1406.2078",,,,4.995999999999867,,
sub-440957/sub-440957_ses-20190211T143614_behavior+ecephys+image+ogen.nwb,440957,,201,201,200,N/A,N/A,N/A,audio delay,1,left,no early,hit,0,0,1409.0551,1413.8324,1409.5551,1410.2347,1410.2347,1410.8847,1410.8847,1412.0847,1412.0847,1413.5847,"1412.3064, 1412.4299, 1412.5764, 1412.7069, 1412.8519, 1412.8885, 1412.9835, 1413.0199, 1413.1155, 1413.2503, 1413.3972",,,,4.777299999999968,,
sub-440957/sub-440957_ses-20190211T143614_behavior+ecephys+image+ogen.nwb,440957,,202,202,201,N/A,N/A,N/A,audio delay,1,right,no early,hit,0,0,1415.8211,1420.6078,1416.3211,1417.1045,1417.1045,1417.7545,1417.7545,1418.9545,1418.9545,1420.4545,,"1419.0818, 1419.1999, 1419.3515, 1419.4751, 1419.6066, 1419.6453, 1419.7461, 1419.8724, 1419.9956, 1420.0216, 1420.1345, 1420.2599, 1420.4092, 1420.5488",,,4.78670000000011,,
sub-440957/sub-440957_ses-20190211T143614_behavior+ecephys+image+ogen.nwb,440957,,203,203,202,N/A,N/A,N/A,audio delay,1,left,no early,hit,0,0,1423.2529,1428.1863,1423.7529,1424.624,1424.624,1425.274,1425.274,1426.474,1426.474,1427.974,"1426.6603, 1426.7700, 1426.9164, 1427.0535, 1427.1829, 1427.3144, 1427.4443, 1427.4754, 1427.5668, 1427.5990, 1427.7023, 1427.8259, 1427.9515, 1428.0775",,,,4.93340000000012,,
sub-440957/sub-440957_ses-20190211T143614_behavior+ecephys+image+ogen.nwb,440957,,204,204,203,N/A,N/A,N/A,audio delay,1,left,no early,hit,0,0,1430.7711,1435.5881,1431.2711,1431.9899,1431.9899,1432.6399,1432.6399,1433.8399,1433.8399,1435.3399,"1434.0621, 1434.1776, 1434.3399, 1434.4894, 1434.5196, 1434.6200, 1434.7372, 1434.8640, 1434.9915, 1435.1057, 1435.2297, 1435.3615, 1435.4749",,,,4.817000000000007,,
sub-440957/sub-440957_ses-20190211T143614_behavior+ecephys+image+ogen.nwb,440957,,205,205,204,2.016,5.500,0.5000,audio delay,1,left,no early,hit,0,0,1439.4744,1444.3799,1439.9744,1440.8405,1440.8405,1441.4905,1441.4905,1442.6905,1442.6905,1444.1905,"1442.8539, 1442.9882, 1443.1295, 1443.2722, 1443.4132, 1443.5377, 1443.6692, 1443.8031, 1443.9374, 1444.0759, 1444.0950, 1444.1059, 1444.1947, 1444.3126",,1441.4904,1441.9904,4.905499999999847,,
sub-440957/sub-440957_ses-20190211T143614_behavior+ecephys+image+ogen.nwb,440957,,206,206,205,N/A,N/A,N/A,audio delay,1,left,no early,hit,0,0,1448.255,1453.0153,1448.755,1449.4179,1449.4179,1450.0679,1450.0679,1451.2679,1451.2679,1452.7679,"1451.4893, 1451.6198, 1451.7576, 1451.8991, 1452.0433, 1452.0915, 1452.1817, 1452.3163, 1452.4331, 1452.5551, 1452.6975, 1452.8266, 1452.9496",,,,4.760299999999916,,
sub-440957/sub-440957_ses-20190211T143614_behavior+ecephys+image+ogen.nwb,440957,,207,207,206,N/A,N/A,N/A,audio delay,1,right,no early,hit,0,0,1455.5198,1460.1832,1456.0198,1456.6816,1456.6816,1457.3316,1457.3316,1458.5316,1458.5316,1460.0316,,"1458.6572, 1458.7902, 1458.9266, 1459.0707, 1459.1779, 1459.3238, 1459.4635, 1459.5876, 1459.7140, 1459.8774, 1460.0243, 1460.1418",,,4.6633999999999105,,
sub-440957/sub-440957_ses-20190211T143614_behavior+ecephys+image+ogen.nwb,440957,,208,208,207,N/A,N/A,N/A,audio delay,1,left,no early,miss,0,0,1462.4482,1465.7853,1462.9482,1463.7165,1463.7165,1464.3665,1464.3665,1465.5665,1465.5665,,,1465.6853,,,3.337099999999964,,
sub-440957/sub-440957_ses-20190211T143614_behavior+ecephys+image+ogen.nwb,440957,,209,209,208,2.035,5.500,0.5000,audio delay,1,right,no early,hit,0,0,1467.8247,1472.6654,1468.3247,1469.2093,1469.2093,1469.8593,1469.8593,1471.0593,1471.0593,1472.5593,,"1471.1394, 1471.2693, 1471.4199, 1471.5540, 1471.6888, 1471.8111, 1471.9609, 1472.0975, 1472.2346, 1472.3525, 1472.4989, 1472.6246",1469.8597,1470.3597,4.840700000000197,,
sub-440957/sub-440957_ses-20190211T143614_behavior+ecephys+image+ogen.nwb,440957,,210,210,209,N/A,N/A,N/A,audio delay,1,right,no early,hit,0,0,1475.0882,1479.8322,1475.5882,1476.3452,1476.3452,1476.9952,1476.9952,1478.1952,1478.1952,1479.6952,,"1478.3062, 1478.4326, 1478.5768, 1478.7107, 1478.8232, 1478.9757, 1479.1111, 1479.2525, 1479.3678, 1479.5151, 1479.6606, 1479.8015",,,4.744000000000142,,
sub-440957/sub-440957_ses-20190211T143614_behavior+ecephys+image+ogen.nwb,440957,,211,211,210,N/A,N/A,N/A,audio delay,1,right,no early,hit,0,0,1482.3913,1487.1736,1482.8913,1483.643,1483.643,1484.293,1484.293,1485.493,1485.493,1486.993,,"1485.6476, 1485.7582, 1485.9001, 1486.0311, 1486.1774, 1486.2858, 1486.4139, 1486.5496, 1486.6810, 1486.8093, 1486.9474, 1487.1018",,,4.7823000000000775,,
sub-440957/sub-440957_ses-20190211T143614_behavior+ecephys+image+ogen.nwb,440957,,212,212,211,N/A,N/A,N/A,audio delay,1,right,no early,hit,0,0,1490.866,1495.7666,1491.366,1492.238,1492.238,1492.888,1492.888,1494.088,1494.088,1495.588,,"1494.2406, 1494.3955, 1494.5405, 1494.6763, 1494.8129, 1494.9361, 1494.9666, 1495.0644, 1495.1899, 1495.3301, 1495.4730, 1495.5974, 1495.7371",,,4.90059999999994,,
sub-440957/sub-440957_ses-20190211T143614_behavior+ecephys+image+ogen.nwb,440957,,213,213,212,N/A,N/A,N/A,audio delay,1,left,no early,miss,0,0,1498.3611,1501.7707,1498.8611,1499.6875,1499.6875,1500.3375,1500.3375,1501.5375,1501.5375,,,1501.6707,,,3.409599999999955,,
sub-440957/sub-440957_ses-20190211T143614_behavior+ecephys+image+ogen.nwb,440957,,214,214,213,N/A,N/A,N/A,audio delay,1,left,no early,hit,0,0,1503.8167,1508.7049,1504.3167,1505.052,1505.052,1505.702,1505.702,1506.902,1506.902,1508.402,"1507.1789, 1507.2971, 1507.4679, 1507.6098, 1507.7338, 1507.8548, 1507.9822, 1508.1109, 1508.2339, 1508.3580, 1508.4839, 1508.6295",,,,4.88819999999987,,
sub-440957/sub-440957_ses-20190211T143614_behavior+ecephys+image+ogen.nwb,440957,,215,215,214,N/A,N/A,N/A,audio delay,1,left,no early,miss,0,0,1510.7742,1514.0336,1511.2742,1511.9388,1511.9388,1512.5888,1512.5888,1513.7888,1513.7888,,,1513.9336,,,3.259399999999914,,
sub-440957/sub-440957_ses-20190211T143614_behavior+ecephys+image+ogen.nwb,440957,,216,216,215,N/A,N/A,N/A,audio delay,1,left,no early,hit,0,0,1516.0761,1520.8543,1516.5761,1517.2632,1517.2632,1517.9132,1517.9132,1519.1132,1519.1132,1520.6132,"1519.3283, 1519.4742, 1519.6043, 1519.6441, 1519.7356, 1519.8583, 1519.9829, 1520.1042, 1520.2342, 1520.3525, 1520.4753, 1520.6204, 1520.7452",,,,4.77819999999997,,
sub-440957/sub-440957_ses-20190211T143614_behavior+ecephys+image+ogen.nwb,440957,,217,217,216,N/A,N/A,N/A,audio delay,1,right,no early,hit,0,0,1523.1742,1528.0045,1523.6742,1524.5126,1524.5126,1525.1626,1525.1626,1526.3626,1526.3626,1527.8626,,"1526.4785, 1526.5940, 1526.7340, 1526.8718, 1526.9984, 1527.1428, 1527.2687, 1527.3903, 1527.5415, 1527.6673, 1527.8230, 1527.9659",,,4.830300000000079,,
sub-440957/sub-440957_ses-20190211T143614_behavior+ecephys+image+ogen.nwb,440957,,218,218,217,N/A,N/A,N/A,audio delay,1,right,no early,hit,0,0,1530.1236,1534.744,1530.6236,1531.2884,1531.2884,1531.9384,1531.9384,1533.1384,1533.1384,1534.6384,,"1533.2180, 1533.3301, 1533.4659, 1533.5934, 1533.7310, 1533.8466, 1533.9731, 1534.1169, 1534.2468, 1534.3748, 1534.5030, 1534.6424",,,4.620400000000018,,
sub-440957/sub-440957_ses-20190211T143614_behavior+ecephys+image+ogen.nwb,440957,,219,219,218,N/A,N/A,N/A,audio delay,1,left,no early,miss,0,0,1537.2222,1540.5431,1537.7222,1538.4716,1538.4716,1539.1216,1539.1216,1540.3216,1540.3216,,,1540.4431,,,3.320900000000165,,
sub-440957/sub-440957_ses-20190211T143614_behavior+ecephys+image+ogen.nwb,440957,,220,220,219,N/A,N/A,N/A,audio delay,1,right,no early,miss,0,0,1542.7578,1546.1277,1543.2578,1543.9668,1543.9668,1544.6168,1544.6168,1545.8168,1545.8168,,1546.0277,,,,3.369899999999916,,
sub-440957/sub-440957_ses-20190211T143614_behavior+ecephys+image+ogen.nwb,440957,,221,221,220,N/A,N/A,N/A,audio delay,1,right,no early,miss,0,0,1548.1374,1551.6332,1548.6374,1549.4712,1549.4712,1550.1212,1550.1212,1551.3212,1551.3212,,1551.5332,,,,3.4957999999999174,,
sub-440957/sub-440957_ses-20190211T143614_behavior+ecephys+image+ogen.nwb,440957,,222,222,221,N/A,N/A,N/A,audio delay,1,right,no early,hit,0,0,1553.8676,1558.6655,1554.3676,1555.1496,1555.1496,1555.7996,1555.7996,1556.9996,1556.9996,1558.4996,,"1557.1395, 1557.2567, 1557.3837, 1557.5207, 1557.6488, 1557.7833, 1557.9118, 1558.0362, 1558.1793, 1558.3206, 1558.4571, 1558.5978",,,4.797900000000027,,
sub-440957/sub-440957_ses-20190211T143614_behavior+ecephys+image+ogen.nwb,440957,,223,223,222,N/A,N/A,N/A,audio delay,1,right,no early,hit,0,0,1560.9262,1565.7293,1561.4262,1562.1048,1562.1048,1562.7548,1562.7548,1563.9548,1563.9548,1565.4548,,"1564.2033, 1564.3239, 1564.4619, 1564.6006, 1564.7219, 1564.8652, 1565.0045, 1565.1307, 1565.2496, 1565.3773, 1565.5425, 1565.6812",,,4.8030999999998585,,
sub-440957/sub-440957_ses-20190211T143614_behavior+ecephys+image+ogen.nwb,440957,,224,224,223,N/A,N/A,N/A,audio delay,1,left,no early,hit,0,0,1568.4111,1573.2059,1568.9111,1569.6465,1569.6465,1570.2965,1570.2965,1571.4965,1571.4965,1572.9965,"1571.6799, 1571.8176, 1571.9529, 1572.0857, 1572.1070, 1572.2043, 1572.3386, 1572.4558, 1572.5783, 1572.7108, 1572.8218, 1572.9439, 1573.0785",,,,4.794799999999896,,
sub-440957/sub-440957_ses-20190211T143614_behavior+ecephys+image+ogen.nwb,440957,,225,225,224,N/A,N/A,N/A,audio delay,1,right,no early,hit,0,0,1575.9789,1580.8006,1576.4789,1577.1897,1577.1897,1577.8397,1577.8397,1579.0397,1579.0397,1580.5397,,"1579.2746, 1579.4030, 1579.5445, 1579.6809, 1579.8168, 1579.9351, 1580.0848, 1580.2153, 1580.3307, 1580.4874, 1580.6075, 1580.7408",,,4.821699999999964,,
sub-440957/sub-440957_ses-20190211T143614_behavior+ecephys+image+ogen.nwb,440957,,226,226,225,N/A,N/A,N/A,audio delay,1,left,no early,hit,0,0,1584.2042,1588.9975,1584.7042,1585.3724,1585.3724,1586.0224,1586.0224,1587.2224,1587.2224,1588.7224,"1587.4715, 1587.5940, 1587.7465, 1587.8821, 1588.0007, 1588.1347, 1588.2604, 1588.3772, 1588.5012, 1588.6127, 1588.7415, 1588.8748, 1588.9893",,,,4.793300000000045,,
sub-440957/sub-440957_ses-20190211T143614_behavior+ecephys+image+ogen.nwb,440957,,227,227,226,N/A,N/A,N/A,audio delay,1,left,no early,hit,0,0,1591.3932,1596.2755,1591.8932,1592.6917,1592.6917,1593.3417,1593.3417,1594.5417,1594.5417,1596.0417,"1594.7495, 1594.8749, 1595.0207, 1595.1437, 1595.2787, 1595.4081, 1595.4292, 1595.5348, 1595.6514, 1595.7797, 1595.9102, 1596.0417, 1596.1747",,,,4.8822999999999865,,
sub-440957/sub-440957_ses-20190211T143614_behavior+ecephys+image+ogen.nwb,440957,,228,228,227,N/A,N/A,N/A,audio delay,1,left,no early,hit,0,0,1598.3445,1603.0773,1598.8445,1599.5621,1599.5621,1600.2121,1600.2121,1601.4121,1601.4121,1602.9121,"1601.5513, 1601.6572, 1601.8085, 1601.9386, 1602.0701, 1602.1987, 1602.2367, 1602.3374, 1602.4392, 1602.5623, 1602.6791, 1602.8027, 1602.9321, 1603.0606",,,,4.7327999999999975,,
sub-440957/sub-440957_ses-20190211T143614_behavior+ecephys+image+ogen.nwb,440957,,229,229,228,N/A,N/A,N/A,audio delay,1,left,no early,hit,0,0,1605.7899,1610.6928,1606.2899,1607.0712,1607.0712,1607.7212,1607.7212,1608.9212,1608.9212,1610.4212,"1609.1668, 1609.3013, 1609.4310, 1609.5609, 1609.6826, 1609.8046, 1609.9440, 1610.0560, 1610.1862, 1610.3238, 1610.4285, 1610.5429, 1610.6645",,,,4.902900000000045,,
sub-440957/sub-440957_ses-20190211T143614_behavior+ecephys+image+ogen.nwb,440957,,230,230,229,N/A,N/A,N/A,audio delay,1,right,no early,hit,0,0,1614.4324,1619.2832,1614.9324,1615.7998,1615.7998,1616.4498,1616.4498,1617.6498,1617.6498,1619.1498,,"1617.7572, 1617.8893, 1618.0212, 1618.1506, 1618.2964, 1618.4072, 1618.5523, 1618.6687, 1618.8087, 1618.9573, 1619.0746, 1619.2096, 1619.2513",,,4.850800000000163,,
sub-440957/sub-440957_ses-20190211T143614_behavior+ecephys+image+ogen.nwb,440957,,231,231,230,N/A,N/A,N/A,audio delay,1,left,no early,hit,0,0,1621.6824,1626.4482,1622.1824,1622.892,1622.892,1623.542,1623.542,1624.742,1624.742,1626.242,"1624.9222, 1625.0447, 1625.0806, 1625.1976, 1625.3298, 1625.4569, 1625.5816, 1625.7036, 1625.8221, 1625.9457, 1626.0705, 1626.1991, 1626.3289",,,,4.765800000000127,,
sub-440957/sub-440957_ses-20190211T143614_behavior+ecephys+image+ogen.nwb,440957,,232,232,231,N/A,N/A,N/A,audio delay,1,right,no early,hit,0,0,1628.8334,1633.6061,1629.3334,1630.013,1630.013,1630.663,1630.663,1631.863,1631.863,1633.363,,"1632.0801, 1632.1880, 1632.3436, 1632.4688, 1632.5051, 1632.5979, 1632.7380, 1632.8788, 1633.0054, 1633.1288, 1633.2885, 1633.4325, 1633.5461",,,4.772699999999986,,
sub-440957/sub-440957_ses-20190211T143614_behavior+ecephys+image+ogen.nwb,440957,,233,233,232,N/A,N/A,N/A,audio delay,1,right,no early,hit,0,0,1636.1422,1640.8043,1636.6422,1637.3036,1637.3036,1637.9536,1637.9536,1639.1536,1639.1536,1640.6536,,"1639.2783, 1639.4171, 1639.5511, 1639.6920, 1639.8010, 1639.9387, 1640.0746, 1640.2023, 1640.3588, 1640.4688, 1640.6170, 1640.7567",,,4.6621000000000095,,
sub-440957/sub-440957_ses-20190211T143614_behavior+ecephys+image+ogen.nwb,440957,,234,234,233,N/A,N/A,N/A,audio delay,1,right,no early,hit,0,0,1643.9313,1648.8216,1644.4313,1645.2544,1645.2544,1645.9044,1645.9044,1647.1044,1647.1044,1648.6044,,"1647.2956, 1647.4422, 1647.5825, 1647.7039, 1647.8378, 1647.9607, 1648.1009, 1648.1235, 1648.2112, 1648.3533, 1648.5038, 1648.6497, 1648.7973",,,4.890300000000025,,
sub-440957/sub-440957_ses-20190211T143614_behavior+ecephys+image+ogen.nwb,440957,,235,235,234,1.932,5.500,0.5000,audio delay,1,right,no early,miss,0,0,1650.8478,1654.3382,1651.3478,1652.1295,1652.1295,1652.7795,1652.7795,1653.9795,1653.9795,,1654.2382,,1652.7798,1653.2798,3.4903999999999087,,
sub-440957/sub-440957_ses-20190211T143614_behavior+ecephys+image+ogen.nwb,440957,,236,236,235,N/A,N/A,N/A,audio delay,1,left,no early,hit,0,0,1656.5629,1661.4547,1657.0629,1657.7794,1657.7794,1658.4294,1658.4294,1659.6294,1659.6294,1661.1294,"1659.9287, 1659.9517, 1660.0839, 1660.2007, 1660.3283, 1660.4519, 1660.5579, 1660.6820, 1660.7973, 1660.9311, 1661.0416, 1661.1596, 1661.2799, 1661.4070",,,,4.891800000000103,,
sub-440957/sub-440957_ses-20190211T143614_behavior+ecephys+image+ogen.nwb,440957,,237,237,236,N/A,N/A,N/A,audio delay,1,left,no early,hit,0,0,1665.1415,1670.0296,1665.6415,1666.4329,1666.4329,1667.0829,1667.0829,1668.2829,1668.2829,1669.7829,"1668.5036, 1668.6236, 1668.7633, 1668.8938, 1669.0228, 1669.1480, 1669.2708, 1669.3965, 1669.5407, 1669.6747, 1669.7931, 1669.9283",,,,4.888100000000122,,
sub-440957/sub-440957_ses-20190211T143614_behavior+ecephys+image+ogen.nwb,440957,,238,238,237,N/A,N/A,N/A,audio delay,1,left,no early,hit,0,0,1678.9603,1683.721,1679.4603,1680.1232,1680.1232,1680.7732,1680.7732,1681.9732,1681.9732,1683.4732,"1682.1950, 1682.3214, 1682.4792, 1682.6333, 1682.7530, 1682.8733, 1683.0170, 1683.2798, 1683.4078, 1683.5431, 1683.6799",,,,4.760700000000043,,
sub-440957/sub-440957_ses-20190211T143614_behavior+ecephys+image+ogen.nwb,440957,,239,239,238,N/A,N/A,N/A,audio delay,1,right,no early,hit,0,0,1686.3136,1691.0494,1686.8136,1687.5475,1687.5475,1688.1975,1688.1975,1689.3975,1689.3975,1690.8975,,"1689.5234, 1689.6600, 1689.8018, 1689.9332, 1690.0594, 1690.1818, 1690.3358, 1690.4631, 1690.5839, 1690.7337, 1690.8673, 1690.9947",,,4.735800000000154,,
sub-440957/sub-440957_ses-20190211T143614_behavior+ecephys+image+ogen.nwb,440957,,240,240,239,N/A,N/A,N/A,audio delay,1,right,no early,hit,0,0,1693.9139,1698.8292,1694.4139,1695.2535,1695.2535,1695.9035,1695.9035,1697.1035,1697.1035,1698.6035,,"1697.3032, 1697.4190, 1697.5659, 1697.7019, 1697.8381, 1697.9612, 1698.0897, 1698.2083, 1698.3501, 1698.4736, 1698.6038, 1698.7494",,,4.915299999999888,,
sub-440957/sub-440957_ses-20190211T143614_behavior+ecephys+image+ogen.nwb,440957,,241,241,240,1.967,5.500,0.5000,audio delay,1,right,no early,hit,0,0,1701.0627,1705.8824,1701.5627,1702.3792,1702.3792,1703.0292,1703.0292,1704.2292,1704.2292,1705.7292,,"1704.3564, 1704.4708, 1704.6144, 1704.7400, 1704.8554, 1704.9856, 1705.1201, 1705.2473, 1705.3864, 1705.5459, 1705.6747, 1705.8213",1703.0297,1703.5297,4.819700000000012,,
sub-440957/sub-440957_ses-20190211T143614_behavior+ecephys+image+ogen.nwb,440957,,242,242,241,N/A,N/A,N/A,audio delay,1,right,no early,hit,0,0,1708.4166,1713.2068,1708.9166,1709.707,1709.707,1710.357,1710.357,1711.557,1711.557,1713.057,,"1711.6808, 1711.8110, 1711.9376, 1712.0792, 1712.2094, 1712.3322, 1712.4617, 1712.5979, 1712.7171, 1712.8443, 1712.9815, 1713.1415",,,4.790199999999913,,
sub-440957/sub-440957_ses-20190211T143614_behavior+ecephys+image+ogen.nwb,440957,,243,243,242,N/A,N/A,N/A,audio delay,1,left,no early,hit,0,0,1715.8893,1720.7717,1716.3893,1717.181,1717.181,1717.831,1717.831,1719.031,1719.031,1720.531,"1719.2457, 1719.3566, 1719.5108, 1719.6294, 1719.6808, 1719.7697, 1719.7941, 1719.8860, 1720.0136, 1720.1247, 1720.2437, 1720.3635, 1720.4945, 1720.6188, 1720.7505",,,,4.882399999999961,,
sub-440957/sub-440957_ses-20190211T143614_behavior+ecephys+image+ogen.nwb,440957,,244,244,243,1.851,5.500,0.5000,audio delay,1,right,no early,hit,0,0,1723.5657,1728.2367,1724.0657,1724.767,1724.767,1725.417,1725.417,1726.617,1726.617,1728.117,,"1726.7107, 1726.8294, 1726.9723, 1727.1105, 1727.2462, 1727.3667, 1727.4851, 1727.5160, 1727.6175, 1727.7700, 1727.8871, 1728.0253, 1728.1594",1725.4167,1725.9167,4.670999999999822,,
sub-440957/sub-440957_ses-20190211T143614_behavior+ecephys+image+ogen.nwb,440957,,245,245,244,N/A,N/A,N/A,audio delay,1,right,no early,hit,0,0,1732.3902,1737.1203,1732.8902,1733.6486,1733.6486,1734.2986,1734.2986,1735.4986,1735.4986,1736.9986,,"1735.5943, 1735.6998, 1735.8410, 1735.9713, 1736.0858, 1736.2236, 1736.3520, 1736.4930, 1736.6364, 1736.7537, 1736.8810, 1737.0284",,,4.730099999999993,,
sub-440957/sub-440957_ses-20190211T143614_behavior+ecephys+image+ogen.nwb,440957,,246,246,245,N/A,N/A,N/A,audio delay,1,left,no early,miss,0,0,1739.3737,1742.6595,1739.8737,1740.5978,1740.5978,1741.2478,1741.2478,1742.4478,1742.4478,,,1742.5595,,,3.285799999999881,,
sub-440957/sub-440957_ses-20190211T143614_behavior+ecephys+image+ogen.nwb,440957,,247,247,246,N/A,N/A,N/A,audio delay,1,right,no early,miss,0,0,1744.9773,1748.3597,1745.4773,1746.2243,1746.2243,1746.8743,1746.8743,1748.0743,1748.0743,,1748.2597,,,,3.3823999999999614,,
sub-440957/sub-440957_ses-20190211T143614_behavior+ecephys+image+ogen.nwb,440957,,248,248,247,N/A,N/A,N/A,audio delay,1,right,no early,hit,0,0,1750.4524,1755.2896,1750.9524,1751.8203,1751.8203,1752.4703,1752.4703,1753.6703,1753.6703,1755.1703,,"1753.7636, 1753.9057, 1754.0329, 1754.1746, 1754.2890, 1754.4382, 1754.5648, 1754.6825, 1754.8350, 1754.9638, 1755.0915, 1755.2227",,,4.837200000000166,,
sub-440957/sub-440957_ses-20190211T143614_behavior+ecephys+image+ogen.nwb,440957,,249,249,248,N/A,N/A,N/A,audio delay,1,left,no early,hit,0,0,1758.2657,1763.1549,1758.7657,1759.5435,1759.5435,1760.1935,1760.1935,1761.3935,1761.3935,1762.8935,"1761.6289, 1761.7648, 1761.9125, 1762.0337, 1762.1666, 1762.2916, 1762.4051, 1762.5247, 1762.6481, 1762.7766, 1762.9121, 1763.0701",,,,4.8892000000000735,,
sub-440957/sub-440957_ses-20190211T143614_behavior+ecephys+image+ogen.nwb,440957,,250,250,249,N/A,N/A,N/A,audio delay,1,left,no early,miss,0,0,1765.5738,1768.88,1766.0738,1766.8291,1766.8291,1767.4791,1767.4791,1768.6791,1768.6791,,,1768.7800,,,3.306200000000217,,
sub-440957/sub-440957_ses-20190211T143614_behavior+ecephys+image+ogen.nwb,440957,,251,251,250,N/A,N/A,N/A,audio delay,1,left,no early,hit,0,0,1771.142,1775.9906,1771.642,1772.458,1772.458,1773.108,1773.108,1774.308,1774.308,1775.808,"1774.4646, 1774.5964, 1774.7349, 1774.8770, 1775.0309, 1775.1538, 1775.2732, 1775.3966, 1775.5169, 1775.6469, 1775.7731, 1775.8974",,,,4.848600000000033,,
sub-440957/sub-440957_ses-20190211T143614_behavior+ecephys+image+ogen.nwb,440957,,252,252,251,N/A,N/A,N/A,audio delay,1,right,no early,hit,0,0,1778.4738,1783.2524,1778.9738,1779.7649,1779.7649,1780.4149,1780.4149,1781.6149,1781.6149,1783.1149,,"1781.7264, 1781.8565, 1781.9883, 1782.1210, 1782.1442, 1782.2432, 1782.3705, 1782.5271, 1782.6635, 1782.7927, 1782.9304, 1783.0519, 1783.1790",,,4.778600000000097,,
sub-440957/sub-440957_ses-20190211T143614_behavior+ecephys+image+ogen.nwb,440957,,253,253,252,2.041,5.500,0.5000,audio delay,1,left,no early,hit,0,0,1785.8129,1790.8039,1786.3129,1787.2043,1787.2043,1787.8543,1787.8543,1789.0543,1789.0543,1790.5543,"1789.2779, 1789.3991, 1789.4312, 1789.5528, 1789.6764, 1789.7147, 1789.8186, 1789.9439, 1790.0643, 1790.2024, 1790.3149, 1790.4433, 1790.5761, 1790.7023",,1787.8539,1788.3539,4.991000000000213,,
sub-440957/sub-440957_ses-20190211T143614_behavior+ecephys+image+ogen.nwb,440957,,254,254,253,N/A,N/A,N/A,audio delay,1,left,no early,hit,0,0,1792.9014,1797.7709,1793.4014,1794.1477,1794.1477,1794.7977,1794.7977,1795.9977,1795.9977,1797.4977,"1796.2449, 1796.3670, 1796.4950, 1796.6385, 1796.7652, 1796.8003, 1796.8860, 1796.9111, 1797.0147, 1797.1239, 1797.2519, 1797.3633, 1797.4775, 1797.6116, 1797.7379",,,,4.869500000000016,,
sub-440957/sub-440957_ses-20190211T143614_behavior+ecephys+image+ogen.nwb,440957,,255,255,254,N/A,N/A,N/A,audio delay,1,right,no early,hit,0,0,1800.5976,1805.2712,1801.0976,1801.7966,1801.7966,1802.4466,1802.4466,1803.6466,1803.6466,1805.1466,,"1803.7452, 1803.8722, 1803.9983, 1804.1344, 1804.2555, 1804.4076, 1804.5197, 1804.6729, 1804.8153, 1804.9561, 1805.0737, 1805.2250",,,4.673599999999851,,
sub-440957/sub-440957_ses-20190211T143614_behavior+ecephys+image+ogen.nwb,440957,,256,256,255,1.899,5.500,0.5000,audio delay,1,left,no early,hit,0,0,1807.5648,1812.479,1808.0648,1808.8141,1808.8141,1809.4641,1809.4641,1810.6641,1810.6641,1812.1641,"1810.9530, 1811.0892, 1811.2422, 1811.3548, 1811.4836, 1811.6093, 1811.7318, 1811.8571, 1811.9910, 1812.1055, 1812.2254, 1812.3502",,1809.4638,1809.9638,4.914199999999937,,
sub-440957/sub-440957_ses-20190211T143614_behavior+ecephys+image+ogen.nwb,440957,,257,257,256,N/A,N/A,N/A,audio delay,1,left,no early,hit,0,0,1814.8117,1819.7676,1815.3117,1816.1378,1816.1378,1816.7878,1816.7878,1817.9878,1817.9878,1819.4878,"1818.2416, 1818.2769, 1818.3699, 1818.5067, 1818.6279, 1818.7635, 1818.9020, 1818.9238, 1819.0490, 1819.0865, 1819.1763, 1819.3095, 1819.4344, 1819.5991, 1819.7570",,,,4.955899999999929,,
sub-440957/sub-440957_ses-20190211T143614_behavior+ecephys+image+ogen.nwb,440957,,258,258,257,N/A,N/A,N/A,audio delay,1,left,no early,miss,0,0,1822.1033,1825.5861,1822.6033,1823.5072,1823.5072,1824.1572,1824.1572,1825.3572,1825.3572,,,1825.4861,,,3.4827999999999975,,
sub-440957/sub-440957_ses-20190211T143614_behavior+ecephys+image+ogen.nwb,440957,,259,259,258,N/A,N/A,N/A,audio delay,1,right,no early,hit,0,0,1827.6621,1832.4553,1828.1621,1828.8605,1828.8605,1829.5105,1829.5105,1830.7105,1830.7105,1832.2105,,"1830.9293, 1831.0418, 1831.1915, 1831.3326, 1831.4416, 1831.5848, 1831.7075, 1831.8446, 1831.9883, 1832.1336, 1832.2847, 1832.4000",,,4.79320000000007,,
sub-440957/sub-440957_ses-20190211T143614_behavior+ecephys+image+ogen.nwb,440957,,260,260,259,N/A,N/A,N/A,audio delay,1,left,no early,hit,0,0,1835.3259,1840.2452,1835.8259,1836.73,1836.73,1837.38,1837.38,1838.58,1838.58,1840.08,"1838.7192, 1838.8263, 1838.9731, 1839.1006, 1839.2262, 1839.3498, 1839.4818, 1839.6100, 1839.7248, 1839.8566, 1839.9968",,,,4.919300000000021,,
sub-440957/sub-440957_ses-20190211T143614_behavior+ecephys+image+ogen.nwb,440957,,261,261,260,N/A,N/A,N/A,audio delay,1,right,no early,miss,0,0,1842.2972,1845.647,1842.7972,1843.5557,1843.5557,1844.2057,1844.2057,1845.4057,1845.4057,,1845.5470,,,,3.3497999999999593,,
sub-440957/sub-440957_ses-20190211T143614_behavior+ecephys+image+ogen.nwb,440957,,262,262,261,N/A,N/A,N/A,audio delay,1,right,no early,hit,0,0,1847.8976,1852.8236,1848.3976,1849.223,1849.223,1849.873,1849.873,1851.073,1851.073,1852.573,,"1851.2976, 1851.3981, 1851.5291, 1851.6826, 1851.8259, 1851.9485, 1852.0897, 1852.2058, 1852.3398, 1852.4792, 1852.6080, 1852.7392",,,4.925999999999931,,
sub-440957/sub-440957_ses-20190211T143614_behavior+ecephys+image+ogen.nwb,440957,,263,263,262,N/A,N/A,N/A,audio delay,1,left,no early,hit,0,0,1856.3581,1861.0744,1856.8581,1857.5211,1857.5211,1858.1711,1858.1711,1859.3711,1859.3711,1860.8711,"1859.5484, 1859.6974, 1859.8296, 1859.9652, 1860.1043, 1860.2225, 1860.3509, 1860.5137, 1860.6672, 1860.7711, 1860.8973, 1861.0402",,,,4.716300000000047,,
sub-440957/sub-440957_ses-20190211T143614_behavior+ecephys+image+ogen.nwb,440957,,264,264,263,N/A,N/A,N/A,audio delay,1,right,no early,hit,0,0,1863.2292,1868.0338,1863.7292,1864.5811,1864.5811,1865.2311,1865.2311,1866.4311,1866.4311,1867.9311,,"1866.5078, 1866.6102, 1866.7550, 1866.8897, 1866.9993, 1867.1201, 1867.2650, 1867.3845, 1867.5371",,,4.804599999999937,,
sub-440957/sub-440957_ses-20190211T143614_behavior+ecephys+image+ogen.nwb,440957,,265,265,264,N/A,N/A,N/A,audio delay,1,right,no early,hit,0,0,1870.0864,1874.7593,1870.5864,1871.2947,1871.2947,1871.9447,1871.9447,1873.1447,1873.1447,1874.6447,,"1873.2333, 1873.3525, 1873.4942, 1873.6132, 1873.7474, 1873.8847",,,4.672900000000027,,
sub-440957/sub-440957_ses-20190211T143614_behavior+ecephys+image+ogen.nwb,440957,,266,266,265,N/A,N/A,N/A,audio delay,1,right,no early,hit,0,0,1876.8137,1881.732,1877.3137,1878.1544,1878.1544,1878.8044,1878.8044,1880.0044,1880.0044,1881.5044,,"1880.2060, 1880.3182, 1880.4716, 1880.6092, 1880.7459, 1880.8783, 1881.0069, 1881.1570, 1881.2806, 1881.4076, 1881.5614, 1881.6988",,,4.918300000000045,,
sub-440957/sub-440957_ses-20190211T143614_behavior+ecephys+image+ogen.nwb,440957,,267,267,266,N/A,N/A,N/A,audio delay,1,left,no early,hit,0,0,1885.0988,1889.8011,1885.5988,1886.2693,1886.2693,1886.9193,1886.9193,1888.1193,1888.1193,1889.6193,"1888.2751, 1888.4220, 1888.5797, 1888.7288, 1888.8515, 1888.9681, 1889.0818, 1889.2025, 1889.2453, 1889.3299, 1889.4608, 1889.5846, 1889.7197",,,,4.702299999999923,,
sub-440957/sub-440957_ses-20190211T143614_behavior+ecephys+image+ogen.nwb,440957,,268,268,267,N/A,N/A,N/A,audio delay,1,left,no early,hit,0,0,1892.0608,1896.8457,1892.5608,1893.2662,1893.2662,1893.9162,1893.9162,1895.1162,1895.1162,1896.6162,"1895.3197, 1895.4362, 1895.5795, 1895.7041, 1895.8427, 1895.8834, 1895.9661, 1896.1060, 1896.2150, 1896.3279, 1896.4599, 1896.5769, 1896.6973, 1896.8195",,,,4.784900000000107,,
sub-440957/sub-440957_ses-20190211T143614_behavior+ecephys+image+ogen.nwb,440957,,269,269,268,N/A,N/A,N/A,audio delay,1,left,no early,hit,0,0,1900.1651,1904.9781,1900.6651,1901.4708,1901.4708,1902.1208,1902.1208,1903.3208,1903.3208,1904.8208,"1903.4521, 1903.5720, 1903.7156, 1903.8438, 1903.9905, 1904.1192, 1904.2394, 1904.3616, 1904.5069, 1904.6261, 1904.7600, 1904.7995, 1904.9178",,,,4.813000000000102,,
sub-440957/sub-440957_ses-20190211T143614_behavior+ecephys+image+ogen.nwb,440957,,270,270,269,N/A,N/A,N/A,audio delay,1,left,no early,miss,0,0,1907.2389,1910.6491,1907.7389,1908.6014,1908.6014,1909.2514,1909.2514,1910.4514,1910.4514,,,"1910.5491, 1910.6417",,,3.4102000000000317,,
sub-440957/sub-440957_ses-20190211T143614_behavior+ecephys+image+ogen.nwb,440957,,271,271,270,N/A,N/A,N/A,audio delay,1,right,no early,hit,0,0,1912.815,1917.5943,1913.315,1914.0763,1914.0763,1914.7263,1914.7263,1915.9263,1915.9263,1917.4263,,"1916.0683, 1916.1989, 1916.3183, 1916.4594, 1916.5797, 1916.7056, 1916.8464, 1916.9760, 1917.0889, 1917.2284, 1917.3701, 1917.5139",,,4.779299999999921,,
sub-440957/sub-440957_ses-20190211T143614_behavior+ecephys+image+ogen.nwb,440957,,272,272,271,N/A,N/A,N/A,audio delay,1,left,no early,hit,0,0,1919.8702,1924.7726,1920.3702,1921.2533,1921.2533,1921.9033,1921.9033,1923.1033,1923.1033,1924.6033,"1923.2466, 1923.3636, 1923.5022, 1923.6254, 1923.6566, 1923.7514, 1923.8811, 1924.0028, 1924.1238, 1924.2535, 1924.2810, 1924.3721, 1924.4926, 1924.6205, 1924.7564",,,,4.902399999999943,,
sub-440957/sub-440957_ses-20190211T143614_behavior+ecephys+image+ogen.nwb,440957,,273,273,272,1.958,5.500,0.5000,audio delay,1,left,no early,hit,0,0,1927.8478,1932.75,1928.3478,1929.156,1929.156,1929.806,1929.806,1931.006,1931.006,1932.506,"1931.2240, 1931.3484, 1931.4696, 1931.5877, 1931.7295, 1931.7727, 1931.8665, 1931.9914, 1932.1039, 1932.2231, 1932.3505, 1932.4867, 1932.6269, 1932.7436",,1929.8058,1930.3058,4.9021999999999935,,
sub-440957/sub-440957_ses-20190211T143614_behavior+ecephys+image+ogen.nwb,440957,,274,274,273,N/A,N/A,N/A,audio delay,1,left,no early,hit,0,0,1935.1217,1940.1445,1935.6217,1936.4775,1936.4775,1937.1275,1937.1275,1938.3275,1938.3275,1939.8275,"1938.6185, 1938.7601, 1938.8926, 1939.0109, 1939.1463, 1939.2588, 1939.3843, 1939.5158, 1939.6453, 1939.7782, 1939.9268",,,,5.0228000000001884,,
sub-440957/sub-440957_ses-20190211T143614_behavior+ecephys+image+ogen.nwb,440957,,275,275,274,1.984,5.500,0.5000,audio delay,1,right,no early,hit,0,0,1942.2149,1947.0979,1942.7149,1943.5492,1943.5492,1944.1992,1944.1992,1945.3992,1945.3992,1946.8992,,"1945.5719, 1945.6736, 1945.8138, 1945.9486, 1945.9792, 1946.0822, 1946.1898, 1946.3485, 1946.4619, 1946.6089, 1946.7607, 1946.8957, 1947.0277",1944.1989,1944.6989,4.883000000000038,,
sub-440957/sub-440957_ses-20190211T143614_behavior+ecephys+image+ogen.nwb,440957,,276,276,275,N/A,N/A,N/A,audio delay,1,left,no early,hit,0,0,1949.1591,1954.0332,1949.6591,1950.4986,1950.4986,1951.1486,1951.1486,1952.3486,1952.3486,1953.8486,"1952.5072, 1952.6281, 1952.7833, 1952.9053, 1953.0330, 1953.1585, 1953.2703, 1953.3825, 1953.5119, 1953.6519, 1953.7855, 1953.9293",,,,4.8740999999999985,,
sub-440957/sub-440957_ses-20190211T143614_behavior+ecephys+image+ogen.nwb,440957,,277,277,276,N/A,N/A,N/A,audio delay,1,right,no early,hit,0,0,1956.5911,1961.5252,1957.0911,1957.9357,1957.9357,1958.5857,1958.5857,1959.7857,1959.7857,1961.2857,,"1959.9992, 1960.1084, 1960.2555, 1960.3905, 1960.5236, 1960.6606, 1960.6918, 1960.7904, 1960.9330, 1961.0539, 1961.1877, 1961.3486, 1961.4963",,,4.934099999999944,,
sub-440957/sub-440957_ses-20190211T143614_behavior+ecephys+image+ogen.nwb,440957,,278,278,277,N/A,N/A,N/A,audio delay,1,right,no early,hit,0,0,1963.5926,1968.3603,1964.0926,1964.8511,1964.8511,1965.5011,1965.5011,1966.7011,1966.7011,1968.2011,,"1966.8343, 1966.9454, 1967.0939, 1967.2319, 1967.3604, 1967.4840, 1967.6029, 1967.6336, 1967.7341, 1967.8609, 1968.0079, 1968.1351, 1968.1789, 1968.2745",,,4.767700000000104,,
sub-440957/sub-440957_ses-20190211T143614_behavior+ecephys+image+ogen.nwb,440957,,279,279,278,N/A,N/A,N/A,audio delay,1,right,no early,hit,0,0,1971.0503,1975.8643,1971.5503,1972.3449,1972.3449,1972.9949,1972.9949,1974.1949,1974.1949,1975.6949,,"1974.3383, 1974.4570, 1974.6034, 1974.7365, 1974.8820, 1974.9939, 1975.0359, 1975.1494, 1975.2815, 1975.4198, 1975.5393, 1975.6787, 1975.8118",,,4.813999999999851,,
sub-440957/sub-440957_ses-20190211T143614_behavior+ecephys+image+ogen.nwb,440957,,280,280,279,1.980,5.500,0.5000,audio delay,1,right,no early,hit,0,0,1977.9387,1982.7371,1978.4387,1979.2683,1979.2683,1979.9183,1979.9183,1981.1183,1981.1183,1982.6183,,"1981.2111, 1981.3490, 1981.4803, 1981.6062, 1981.7290, 1981.8571, 1982.0014, 1982.0224, 1982.1227, 1982.1580, 1982.2677, 1982.3800, 1982.5260, 1982.6758",1979.9187,1980.4187,4.798400000000129,,
sub-440957/sub-440957_ses-20190211T143614_behavior+ecephys+image+ogen.nwb,440957,,281,281,280,1.989,5.500,0.5000,audio delay,1,left,no early,hit,0,0,1985.3431,1990.3016,1985.8431,1986.6816,1986.6816,1987.3316,1987.3316,1988.5316,1988.5316,1990.0316,"1988.7756, 1988.8930, 1989.0373, 1989.1629, 1989.2825, 1989.4055, 1989.5328, 1989.6548, 1989.7683, 1989.8915, 1989.9269, 1990.0238, 1990.1458, 1990.2900",,1987.3321,1987.8321,4.958499999999958,,
sub-440957/sub-440957_ses-20190211T143614_behavior+ecephys+image+ogen.nwb,440957,,282,282,281,N/A,N/A,N/A,audio delay,1,right,no early,hit,0,0,1992.9829,1997.8599,1993.4829,1994.3355,1994.3355,1994.9855,1994.9855,1996.1855,1996.1855,1997.6855,,"1996.3339, 1996.4429, 1996.5884, 1996.7225, 1996.8561, 1996.9626, 1997.1129, 1997.2421, 1997.3758, 1997.5379, 1997.6637, 1997.8068",,,4.876999999999953,,
sub-440957/sub-440957_ses-20190211T143614_behavior+ecephys+image+ogen.nwb,440957,,283,283,282,N/A,N/A,N/A,audio delay,1,left,no early,hit,0,0,2000.0439,2004.8599,2000.5439,2001.2568,2001.2568,2001.9068,2001.9068,2003.1068,2003.1068,2004.6068,"2003.3339, 2003.4525, 2003.5945, 2003.7492, 2003.8745, 2003.9977, 2004.1171, 2004.2437, 2004.2615, 2004.3740, 2004.4861, 2004.6098, 2004.7422",,,,4.816000000000031,,
sub-440957/sub-440957_ses-20190211T143614_behavior+ecephys+image+ogen.nwb,440957,,284,284,283,N/A,N/A,N/A,audio delay,1,left,no early,hit,0,0,2009.8361,2014.7499,2010.3361,2011.2241,2011.2241,2011.8741,2011.8741,2013.0741,2013.0741,2014.5741,"2013.2239, 2013.3522, 2013.5023, 2013.6247, 2013.7582, 2013.8778, 2014.0209, 2014.1413, 2014.2767, 2014.3892, 2014.5131, 2014.6419",,,,4.9138000000000375,,
sub-440957/sub-440957_ses-20190211T143614_behavior+ecephys+image+ogen.nwb,440957,,285,285,284,N/A,N/A,N/A,audio delay,1,left,no early,miss,0,0,2016.8649,2020.1684,2017.3649,2018.1084,2018.1084,2018.7584,2018.7584,2019.9584,2019.9584,,,2020.0684,,,3.3034999999999854,,
sub-440957/sub-440957_ses-20190211T143614_behavior+ecephys+image+ogen.nwb,440957,,286,286,285,N/A,N/A,N/A,audio delay,1,left,no early,hit,0,0,2022.457,2027.4088,2022.957,2023.7887,2023.7887,2024.4387,2024.4387,2025.6387,2025.6387,2027.1387,"2025.8828, 2026.0504, 2026.1858, 2026.2245, 2026.3262, 2026.4604, 2026.5801, 2026.7081, 2026.8272, 2026.9542, 2027.0914, 2027.2134, 2027.3425",,,,4.951799999999821,,
sub-440957/sub-440957_ses-20190211T143614_behavior+ecephys+image+ogen.nwb,440957,,287,287,286,N/A,N/A,N/A,audio delay,1,right,no early,miss,0,0,2030.8497,2034.334,2031.3497,2032.2193,2032.2193,2032.8693,2032.8693,2034.0693,2034.0693,,2034.2340,,,,3.4843000000000757,,
sub-440957/sub-440957_ses-20190211T143614_behavior+ecephys+image+ogen.nwb,440957,,288,288,287,N/A,N/A,N/A,audio delay,1,left,no early,miss,0,0,2036.4435,2039.8464,2036.9435,2037.7015,2037.7015,2038.3515,2038.3515,2039.5515,2039.5515,,,2039.7464,,,3.4028999999998177,,
sub-440957/sub-440957_ses-20190211T143614_behavior+ecephys+image+ogen.nwb,440957,,289,289,288,1.844,5.500,0.5000,audio delay,1,left,no early,hit,0,0,2041.9977,2046.9492,2042.4977,2043.192,2043.192,2043.842,2043.842,2045.042,2045.042,2046.542,"2045.4232, 2045.5583, 2045.6958, 2045.8303, 2045.9491, 2046.0681, 2046.2063, 2046.3519, 2046.4883, 2046.6454, 2046.7692, 2046.9417",,2043.8417,2044.3417,4.951500000000124,,
sub-440957/sub-440957_ses-20190211T143614_behavior+ecephys+image+ogen.nwb,440957,,290,290,289,1.952,5.500,0.5000,audio delay,1,right,no early,hit,0,0,2049.0313,2053.8169,2049.5313,2050.3336,2050.3336,2050.9836,2050.9836,2052.1836,2052.1836,2053.6836,,"2052.2909, 2052.4271, 2052.5514, 2052.6943, 2052.8149, 2052.9495, 2053.0809, 2053.2072, 2053.3264, 2053.4779, 2053.6048, 2053.6466, 2053.7612",2050.9833,2051.4833,4.785599999999704,,
sub-440957/sub-440957_ses-20190211T143614_behavior+ecephys+image+ogen.nwb,440957,,291,291,290,N/A,N/A,N/A,audio delay,1,left,no early,hit,0,0,2056.7242,2061.6445,2057.2242,2058.1249,2058.1249,2058.7749,2058.7749,2059.9749,2059.9749,2061.4749,"2060.1185, 2060.2567, 2060.3981, 2060.5375, 2060.6693, 2060.7011, 2060.7876, 2060.9071, 2061.0313, 2061.1635, 2061.2888, 2061.4124, 2061.5479",,,,4.92029999999977,,
sub-440957/sub-440957_ses-20190211T143614_behavior+ecephys+image+ogen.nwb,440957,,292,292,291,1.990,5.500,0.5000,audio delay,1,right,no early,hit,0,0,2064.077,2068.9215,2064.577,2065.417,2065.417,2066.067,2066.067,2067.267,2067.267,2068.767,,"2067.3955, 2067.5054, 2067.6534, 2067.7966, 2067.9194, 2068.0533, 2068.2012, 2068.3397, 2068.4581, 2068.5894, 2068.7397, 2068.8783",2066.0670,2066.5670,4.844499999999698,,
sub-440957/sub-440957_ses-20190211T143614_behavior+ecephys+image+ogen.nwb,440957,,293,293,292,1.816,5.500,0.5000,audio delay,1,right,no early,hit,0,0,2071.6955,2076.3377,2072.1955,2072.8615,2072.8615,2073.5115,2073.5115,2074.7115,2074.7115,2076.2115,,"2074.8117, 2074.8456, 2074.9444, 2075.0873, 2075.2247, 2075.3481, 2075.4673, 2075.6127, 2075.7441, 2075.8699, 2076.0274, 2076.1679, 2076.3202",2073.5115,2074.0115,4.64220000000023,,
sub-440957/sub-440957_ses-20190211T143614_behavior+ecephys+image+ogen.nwb,440957,,294,294,293,N/A,N/A,N/A,audio delay,1,right,no early,hit,0,0,2078.4248,2083.2555,2078.9248,2079.7872,2079.7872,2080.4372,2080.4372,2081.6372,2081.6372,2083.1372,,"2081.7295, 2081.8465, 2081.9744, 2082.1031, 2082.2375, 2082.3749, 2082.4894, 2082.6201, 2082.7808, 2083.1483",,,4.830700000000434,,
sub-440957/sub-440957_ses-20190211T143614_behavior+ecephys+image+ogen.nwb,440957,,295,295,294,N/A,N/A,N/A,audio delay,1,right,no early,hit,0,0,2086.5902,2091.3584,2087.0902,2087.8537,2087.8537,2088.5037,2088.5037,2089.7037,2089.7037,2091.2037,2087.8030,"2089.8324, 2089.9522, 2090.1018, 2090.2522, 2090.3976, 2090.5430, 2090.6708, 2090.8074, 2090.9392, 2091.0977, 2091.2322",,,4.768199999999979,,
sub-440957/sub-440957_ses-20190211T143614_behavior+ecephys+image+ogen.nwb,440957,,296,296,295,N/A,N/A,N/A,audio delay,1,left,no early,hit,0,0,2093.8235,2098.6766,2094.3235,2094.9918,2094.9918,2095.6418,2095.6418,2096.8418,2096.8418,2098.3418,"2097.1506, 2097.3009, 2097.4392, 2097.5766, 2097.7069, 2097.8257, 2097.9442, 2098.0847, 2098.2345, 2098.3642",,,,4.853099999999813,,
sub-440957/sub-440957_ses-20190211T143614_behavior+ecephys+image+ogen.nwb,440957,,297,297,296,1.828,5.500,0.5000,audio delay,1,right,no early,hit,0,0,2100.771,2105.4282,2101.271,2101.9492,2101.9492,2102.5992,2102.5992,2103.7992,2103.7992,2105.2992,,"2103.9022, 2104.0620, 2104.2084, 2104.3539, 2104.4835, 2104.6161, 2104.7492, 2104.8789, 2105.0220, 2105.1507, 2105.3271",2102.5990,2103.0990,4.657199999999648,,
sub-440957/sub-440957_ses-20190211T143614_behavior+ecephys+image+ogen.nwb,440957,,298,298,297,N/A,N/A,N/A,audio delay,1,right,no early,hit,0,0,2108.3066,2113.181,2108.8066,2109.6066,2109.6066,2110.2566,2110.2566,2111.4566,2111.4566,2112.9566,,"2111.6550, 2111.7764, 2111.9157, 2112.0467, 2112.1856, 2112.3118, 2112.3324, 2112.4494, 2112.5948, 2112.7292, 2112.8814, 2113.0092, 2113.1417",,,4.874400000000151,,
sub-440957/sub-440957_ses-20190211T143614_behavior+ecephys+image+ogen.nwb,440957,,299,299,298,N/A,N/A,N/A,audio delay,1,left,no early,hit,0,0,2116.4174,2121.3252,2116.9174,2117.667,2117.667,2118.317,2118.317,2119.517,2119.517,2121.017,"2119.7992, 2119.9564, 2120.1104, 2120.2347, 2120.3747, 2120.5196, 2120.6694, 2120.8027",,,,4.907800000000407,,
sub-440957/sub-440957_ses-20190211T143614_behavior+ecephys+image+ogen.nwb,440957,,300,300,299,N/A,N/A,N/A,audio delay,1,left,no early,hit,0,0,2123.4141,2128.2273,2123.9141,2124.5968,2124.5968,2125.2468,2125.2468,2126.4468,2126.4468,2127.9468,"2126.7013, 2126.8493",,,,4.813200000000052,,
sub-440957/sub-440957_ses-20190211T143614_behavior+ecephys+image+ogen.nwb,440957,,301,301,300,N/A,N/A,N/A,audio delay,1,left,no early,miss,0,0,2130.3148,2133.7022,2130.8148,2131.6541,2131.6541,2132.3041,2132.3041,2133.5041,2133.5041,,,2133.6022,,,3.3874000000000706,,
sub-440957/sub-440957_ses-20190211T143614_behavior+ecephys+image+ogen.nwb,440957,,302,302,301,N/A,N/A,N/A,audio delay,1,left,no early,hit,0,0,2135.8402,2140.6748,2136.3402,2137.0724,2137.0724,2137.7224,2137.7224,2138.9224,2138.9224,2140.4224,"2139.1488, 2139.2535, 2139.3986, 2139.5184, 2139.6371, 2139.7480, 2139.8631, 2140.0021, 2140.1316, 2140.2521, 2140.3844, 2140.5082, 2140.6313",,,,4.834599999999682,,
sub-440957/sub-440957_ses-20190211T143614_behavior+ecephys+image+ogen.nwb,440957,,303,303,302,N/A,N/A,N/A,audio delay,1,right,no early,hit,0,0,2143.669,2148.3798,2144.169,2144.8976,2144.8976,2145.5476,2145.5476,2146.7476,2146.7476,2148.2476,,"2146.8538, 2146.9681, 2146.9876, 2147.1187, 2147.2457, 2147.3906, 2147.5034, 2147.6550, 2147.7943, 2147.9178, 2148.0719, 2148.2151",,,4.71080000000029,,
sub-440957/sub-440957_ses-20190211T143614_behavior+ecephys+image+ogen.nwb,440957,,304,304,303,N/A,N/A,N/A,audio delay,1,left,early,hit,0,0,2150.4718,2157.2633,2150.9718,2151.7643,2151.7643,2152.4143,2152.4143,2153.2979,2155.5762,2157.0762,"2153.1979, 2154.2762, 2155.7373, 2155.8651, 2156.0037, 2156.1488, 2156.2891, 2156.4342, 2156.4584, 2156.5681, 2156.6647, 2156.7928, 2156.9145, 2157.2366",,,,6.791500000000269,,
sub-440957/sub-440957_ses-20190211T143614_behavior+ecephys+image+ogen.nwb,440957,,305,305,304,N/A,N/A,N/A,audio delay,1,left,no early,hit,0,0,2159.3555,2164.0606,2159.8555,2160.522,2160.522,2161.172,2161.172,2162.372,2162.372,2163.872,"2162.5346, 2162.6377, 2162.7848, 2162.9095, 2163.0369, 2163.1872, 2163.2967, 2163.3992, 2163.5137, 2163.6410, 2163.7558, 2163.8848, 2164.0072",,,,4.705099999999675,,
sub-440957/sub-440957_ses-20190211T143614_behavior+ecephys+image+ogen.nwb,440957,,306,306,305,N/A,N/A,N/A,audio delay,1,left,no early,hit,0,0,2166.6662,2171.4297,2167.1662,2167.8309,2167.8309,2168.4809,2168.4809,2169.6809,2169.6809,2171.1809,"2169.9037, 2170.0324, 2170.1752, 2170.3159, 2170.4427, 2170.5529, 2170.6785, 2170.7896, 2170.9013, 2171.0297, 2171.1547, 2171.2736, 2171.4018, 2171.4229",,,,4.763500000000022,,
sub-440957/sub-440957_ses-20190211T143614_behavior+ecephys+image+ogen.nwb,440957,,307,307,306,N/A,N/A,N/A,audio delay,1,left,no early,hit,0,0,2175.8989,2180.8268,2176.3989,2177.1965,2177.1965,2177.8465,2177.8465,2179.0465,2179.0465,2180.5465,"2179.3008, 2179.4138, 2179.5539, 2179.6988, 2179.8440, 2179.9640, 2180.0880, 2180.2064, 2180.3372, 2180.4548, 2180.5848, 2180.7224",,,,4.927899999999681,,
sub-440957/sub-440957_ses-20190211T143614_behavior+ecephys+image+ogen.nwb,440957,,308,308,307,N/A,N/A,N/A,audio delay,1,right,no early,hit,0,0,2183.1108,2187.8149,2183.6108,2184.3298,2184.3298,2184.9798,2184.9798,2186.1798,2186.1798,2187.6798,,"2186.2889, 2186.4126, 2186.5479, 2186.6830, 2186.8292, 2186.9472, 2186.9755, 2187.0751, 2187.1078, 2187.2289, 2187.3457, 2187.4824, 2187.6452, 2187.7921",,,4.704099999999926,,
sub-440957/sub-440957_ses-20190211T143614_behavior+ecephys+image+ogen.nwb,440957,,309,309,308,N/A,N/A,N/A,audio delay,1,left,no early,hit,0,0,2190.0902,2194.9101,2190.5902,2191.2889,2191.2889,2191.9389,2191.9389,2193.1389,2193.1389,2194.6389,"2193.3841, 2193.5230, 2193.6597, 2193.6885, 2193.7771, 2193.8865, 2194.0214, 2194.1356, 2194.2573, 2194.3924, 2194.5114, 2194.6373, 2194.7747, 2194.9011",,,,4.819899999999961,,
sub-440957/sub-440957_ses-20190211T143614_behavior+ecephys+image+ogen.nwb,440957,,310,310,309,N/A,N/A,N/A,audio delay,1,left,no early,hit,0,0,2198.1979,2202.9533,2198.6979,2199.3659,2199.3659,2200.0159,2200.0159,2201.2159,2201.2159,2202.7159,"2201.4273, 2201.5474, 2201.6816, 2201.8244, 2201.9541, 2202.0807, 2202.2124, 2202.3294, 2202.4657, 2202.6006",,,,4.755400000000009,,
sub-440957/sub-440957_ses-20190211T143614_behavior+ecephys+image+ogen.nwb,440957,,311,311,310,N/A,N/A,N/A,audio delay,1,left,no early,miss,0,0,2205.0578,2208.3141,2205.5578,2206.2477,2206.2477,2206.8977,2206.8977,2208.0977,2208.0977,,,2208.2141,,,3.25630000000001,,
sub-440957/sub-440957_ses-20190211T143614_behavior+ecephys+image+ogen.nwb,440957,,312,312,311,N/A,N/A,N/A,audio delay,1,right,no early,hit,0,0,2210.5021,2215.3042,2211.0021,2211.7232,2211.7232,2212.3732,2212.3732,2213.5732,2213.5732,2215.0732,,"2213.7782, 2213.8986, 2214.0466, 2214.0670, 2214.1821, 2214.3142, 2214.4380, 2214.5831, 2214.7028, 2214.8534, 2214.9862, 2215.1363, 2215.2995",,,4.802099999999882,,
sub-440957/sub-440957_ses-20190211T143614_behavior+ecephys+image+ogen.nwb,440957,,313,313,312,N/A,N/A,N/A,audio delay,1,left,no early,hit,0,0,2217.4124,2222.4276,2217.9124,2218.8216,2218.8216,2219.4716,2219.4716,2220.6716,2220.6716,2222.1716,"2220.9016, 2221.0310, 2221.1749, 2221.3194, 2221.4403, 2221.5528, 2221.6799, 2221.7930, 2221.9095, 2222.0335, 2222.1635, 2222.2914",,,,5.0151999999998225,,
sub-440957/sub-440957_ses-20190211T143614_behavior+ecephys+image+ogen.nwb,440957,,314,314,313,N/A,N/A,N/A,audio delay,1,left,no early,hit,0,0,2224.8369,2229.7493,2225.3369,2226.1182,2226.1182,2226.7682,2226.7682,2227.9682,2227.9682,2229.4682,"2228.2233, 2228.3629, 2228.4978, 2228.6271, 2228.7471, 2228.8648, 2229.0035, 2229.1106, 2229.2318, 2229.3659, 2229.4942, 2229.6221",,,,4.9124000000001615,,
sub-440957/sub-440957_ses-20190211T143614_behavior+ecephys+image+ogen.nwb,440957,,315,315,314,N/A,N/A,N/A,audio delay,1,left,no early,miss,0,0,2232.2998,2235.7567,2232.7998,2233.7078,2233.7078,2234.3578,2234.3578,2235.5578,2235.5578,,,2235.6567,,,3.4569000000001324,,
sub-440957/sub-440957_ses-20190211T143614_behavior+ecephys+image+ogen.nwb,440957,,316,316,315,N/A,N/A,N/A,audio delay,1,left,no early,hit,0,0,2237.919,2243.015,2238.419,2239.2886,2239.2886,2239.9386,2239.9386,2241.1386,2241.1386,2242.6386,"2241.4890, 2241.6194, 2241.7690, 2241.9067, 2242.0340, 2242.1741, 2242.2874, 2242.4035, 2242.5286, 2242.6591, 2242.7802, 2242.9244",,,,5.096000000000004,,
sub-440957/sub-440957_ses-20190211T143614_behavior+ecephys+image+ogen.nwb,440957,,317,317,316,N/A,N/A,N/A,audio delay,1,right,no early,hit,0,0,2245.3116,2250.2762,2245.8116,2246.693,2246.693,2247.343,2247.343,2248.543,2248.543,2250.043,2245.5728,"2248.7502, 2248.8605, 2249.0042, 2249.0370, 2249.1534, 2249.2832, 2249.4036, 2249.5519, 2249.6860, 2249.8111, 2249.9527, 2250.0882, 2250.2169",,,4.964599999999791,,
sub-440957/sub-440957_ses-20190211T143614_behavior+ecephys+image+ogen.nwb,440957,,318,318,317,N/A,N/A,N/A,audio delay,1,right,no early,hit,0,0,2252.672,2257.4245,2253.172,2253.9138,2253.9138,2254.5638,2254.5638,2255.7638,2255.7638,2257.2638,,"2255.8985, 2256.0113, 2256.1559, 2256.2993, 2256.4290, 2256.5605, 2256.7121, 2256.7362, 2256.8573, 2256.8858, 2256.9907, 2257.1413, 2257.2822, 2257.4184",,,4.752500000000055,,
sub-440957/sub-440957_ses-20190211T143614_behavior+ecephys+image+ogen.nwb,440957,,319,319,318,1.998,5.500,0.5000,audio delay,1,right,no early,hit,0,0,2259.6968,2264.546,2260.1968,2261.0447,2261.0447,2261.6947,2261.6947,2262.8947,2262.8947,2264.3947,,"2263.0200, 2263.1412, 2263.2645, 2263.4156, 2263.5501, 2263.6966, 2263.8381, 2263.9696",2261.6948,2262.1948,4.849199999999655,,
sub-440957/sub-440957_ses-20190211T143614_behavior+ecephys+image+ogen.nwb,440957,,320,320,319,N/A,N/A,N/A,audio delay,1,left,no early,hit,0,0,2266.6577,2271.4226,2267.1577,2267.9081,2267.9081,2268.5581,2268.5581,2269.7581,2269.7581,2271.2581,"2269.8966, 2270.0155, 2270.1596, 2270.2918, 2270.4226, 2270.5414, 2270.6694, 2270.7891, 2270.9106, 2271.0304, 2271.1603, 2271.3151",,,,4.76489999999967,,
sub-440957/sub-440957_ses-20190211T143614_behavior+ecephys+image+ogen.nwb,440957,,321,321,320,1.977,5.500,0.5000,audio delay,1,right,no early,miss,0,0,2273.7085,2277.2531,2274.2085,2275.0358,2275.0358,2275.6858,2275.6858,2276.8858,2276.8858,,2277.1531,,2275.6855,2276.1855,3.5445999999997184,,
sub-440957/sub-440957_ses-20190211T143614_behavior+ecephys+image+ogen.nwb,440957,,322,322,321,N/A,N/A,N/A,audio delay,1,left,no early,miss,0,0,2279.5924,2283.1402,2280.0924,2280.9309,2280.9309,2281.5809,2281.5809,2282.7809,2282.7809,,,2283.0402,,,3.5477999999998246,,
sub-440957/sub-440957_ses-20190211T143614_behavior+ecephys+image+ogen.nwb,440957,,323,323,322,N/A,N/A,N/A,audio delay,1,right,no early,hit,0,0,2285.2836,2289.9528,2285.7836,2286.4546,2286.4546,2287.1046,2287.1046,2288.3046,2288.3046,2289.8046,,"2288.4268, 2288.5510, 2288.6916, 2288.8132, 2288.9579, 2289.0741, 2289.2235, 2289.3548, 2289.4886, 2289.6267, 2289.7528, 2289.9172",,,4.669199999999819,,
sub-440957/sub-440957_ses-20190211T143614_behavior+ecephys+image+ogen.nwb,440957,,324,324,323,N/A,N/A,N/A,audio delay,1,left,no early,hit,0,0,2292.0714,2296.9236,2292.5714,2293.2846,2293.2846,2293.9346,2293.9346,2295.1346,2295.1346,2296.6346,"2295.3976, 2295.5322, 2295.6635, 2295.8019, 2295.9371, 2296.0537, 2296.1815, 2296.3137, 2296.4328, 2296.5529, 2296.6848, 2296.8167",,,,4.852200000000266,,
sub-440957/sub-440957_ses-20190211T143614_behavior+ecephys+image+ogen.nwb,440957,,325,325,324,N/A,N/A,N/A,audio delay,1,left,no early,hit,0,0,2299.3662,2304.2051,2299.8662,2300.6849,2300.6849,2301.3349,2301.3349,2302.5349,2302.5349,2304.0349,"2302.6791, 2302.8111, 2302.9359, 2303.0516, 2303.1766, 2303.3118, 2303.4266, 2303.5435, 2303.6693, 2303.8017, 2303.9248, 2304.0730, 2304.1908",,,,4.838900000000194,,
sub-440957/sub-440957_ses-20190211T143614_behavior+ecephys+image+ogen.nwb,440957,,326,326,325,1.913,5.500,0.5000,audio delay,1,right,no early,hit,0,0,2306.4624,2311.2434,2306.9624,2307.7255,2307.7255,2308.3755,2308.3755,2309.5755,2309.5755,2311.0755,"2309.9012, 2310.0518",2309.7174,2308.3754,2308.8754,4.780999999999949,,
sub-440957/sub-440957_ses-20190211T143614_behavior+ecephys+image+ogen.nwb,440957,,327,327,326,N/A,N/A,N/A,audio delay,1,left,no early,hit,0,0,2313.362,2318.3646,2313.862,2314.7511,2314.7511,2315.4011,2315.4011,2316.6011,2316.6011,2318.1011,"2316.8386, 2316.9759, 2317.1218, 2317.2686, 2317.4225, 2317.5167, 2317.6422, 2317.7592, 2317.8837, 2318.0155, 2318.1276",,,,5.002599999999802,,
sub-440957/sub-440957_ses-20190211T143614_behavior+ecephys+image+ogen.nwb,440957,,328,328,327,N/A,N/A,N/A,audio delay,1,left,no early,hit,0,0,2320.4839,2325.3766,2320.9839,2321.8561,2321.8561,2322.5061,2322.5061,2323.7061,2323.7061,2325.2061,"2323.8506, 2323.9621, 2324.1005, 2324.2213, 2324.3725, 2324.5253, 2324.6462, 2324.7656, 2324.8925, 2325.0160, 2325.1474, 2325.2731",,,,4.892699999999877,,
sub-440957/sub-440957_ses-20190211T143614_behavior+ecephys+image+ogen.nwb,440957,,329,329,328,N/A,N/A,N/A,audio delay,1,left,no early,hit,0,0,2327.4989,2332.337,2327.9989,2328.702,2328.702,2329.352,2329.352,2330.552,2330.552,2332.052,"2330.8110, 2330.9543, 2331.0777, 2331.2136, 2331.3594, 2331.4805, 2331.4971, 2331.5923, 2331.6298, 2331.7119, 2331.8542, 2331.9715, 2332.0125, 2332.0944, 2332.2192",,,,4.83809999999994,,
sub-440957/sub-440957_ses-20190211T143614_behavior+ecephys+image+ogen.nwb,440957,,330,330,329,N/A,N/A,N/A,audio delay,1,left,no early,hit,0,0,2334.4661,2339.4775,2334.9661,2335.8485,2335.8485,2336.4985,2336.4985,2337.6985,2337.6985,2339.1985,"2337.9515, 2338.0730, 2338.2228, 2338.3608, 2338.4883, 2338.6107, 2338.7400, 2338.8579, 2338.9790, 2339.1063, 2339.2361, 2339.3676",,,,5.011399999999867,,
sub-440957/sub-440957_ses-20190211T143614_behavior+ecephys+image+ogen.nwb,440957,,331,331,330,N/A,N/A,N/A,audio delay,1,right,no early,hit,0,0,2341.9201,2346.8498,2342.4201,2343.2004,2343.2004,2343.8504,2343.8504,2345.0504,2345.0504,2346.5504,,"2345.3238, 2345.4571, 2345.5826, 2345.7100, 2345.8280, 2345.9601, 2346.0800, 2346.2242, 2346.3601, 2346.4726, 2346.6157, 2346.7295",,,4.929700000000139,,
sub-440957/sub-440957_ses-20190211T143614_behavior+ecephys+image+ogen.nwb,440957,,332,332,331,N/A,N/A,N/A,audio delay,1,right,no early,hit,0,0,2349.4052,2354.2795,2349.9052,2350.7777,2350.7777,2351.4277,2351.4277,2352.6277,2352.6277,2354.1277,,"2352.7535, 2352.8680, 2353.0068, 2353.1327, 2353.2746, 2353.4062, 2353.5503, 2353.6834, 2353.8101, 2353.9633, 2354.0971, 2354.2302",,,4.874299999999948,,
sub-440957/sub-440957_ses-20190211T143614_behavior+ecephys+image+ogen.nwb,440957,,333,333,332,N/A,N/A,N/A,audio delay,1,right,no early,hit,0,0,2356.9513,2361.8449,2357.4513,2358.2641,2358.2641,2358.9141,2358.9141,2360.1141,2360.1141,2361.6141,,"2360.3189, 2360.4343, 2360.5889, 2360.7093, 2360.8403, 2360.9842, 2361.1117, 2361.2500, 2361.3747, 2361.5091, 2361.6684, 2361.8162",,,4.8935999999998785,,
sub-440957/sub-440957_ses-20190211T143614_behavior+ecephys+image+ogen.nwb,440957,,334,334,333,N/A,N/A,N/A,audio delay,1,left,no early,hit,0,0,2364.429,2369.3237,2364.929,2365.6885,2365.6885,2366.3385,2366.3385,2367.5385,2367.5385,2369.0385,"2367.7977, 2367.9377, 2368.0776, 2368.2070, 2368.3295, 2368.4709, 2368.4900, 2368.5855, 2368.7158, 2368.8359, 2368.9733, 2369.0931, 2369.2392",,,,4.89469999999983,,
sub-440957/sub-440957_ses-20190211T143614_behavior+ecephys+image+ogen.nwb,440957,,335,335,334,N/A,N/A,N/A,audio delay,1,left,no early,hit,0,0,2371.4533,2376.4198,2371.9533,2372.848,2372.848,2373.498,2373.498,2374.698,2374.698,2376.198,"2374.8938, 2375.0144, 2375.1566, 2375.2822, 2375.4361, 2375.5615, 2375.5986, 2375.6787, 2375.8194, 2375.9441, 2376.0627, 2376.1993, 2376.3208",,,,4.966499999999996,,
sub-440957/sub-440957_ses-20190211T143614_behavior+ecephys+image+ogen.nwb,440957,,336,336,335,N/A,N/A,N/A,audio delay,1,right,no early,hit,0,0,2378.5495,2383.2927,2379.0495,2379.7883,2379.7883,2380.4383,2380.4383,2381.6383,2381.6383,2383.1383,,"2381.7667, 2381.8811, 2382.0228, 2382.1591, 2382.2911, 2382.4107, 2382.5684, 2382.6943, 2382.8244, 2382.9634, 2383.1029, 2383.2554",,,4.743199999999888,,
sub-440957/sub-440957_ses-20190211T143614_behavior+ecephys+image+ogen.nwb,440957,,337,337,336,N/A,N/A,N/A,audio delay,1,left,no early,hit,0,0,2386.2216,2391.2465,2386.7216,2387.6211,2387.6211,2388.2711,2388.2711,2389.4711,2389.4711,2390.9711,"2389.7205, 2389.8537, 2389.9795, 2390.0130, 2390.1091, 2390.1325, 2390.2448, 2390.3707, 2390.4884, 2390.6110, 2390.7629, 2390.8786, 2391.0056, 2391.1508",,,,5.024900000000343,,
sub-440957/sub-440957_ses-20190211T143614_behavior+ecephys+image+ogen.nwb,440957,,338,338,337,N/A,N/A,N/A,audio delay,1,left,no early,hit,0,0,2393.7205,2398.6248,2394.2205,2395.0143,2395.0143,2395.6643,2395.6643,2396.8643,2396.8643,2398.3643,"2397.0988, 2397.2442, 2397.3578, 2397.4777, 2397.5988, 2397.7356, 2397.8524, 2397.9866, 2398.1328, 2398.2570, 2398.4021, 2398.5231",,,,4.904300000000148,,
sub-440957/sub-440957_ses-20190211T143614_behavior+ecephys+image+ogen.nwb,440957,,339,339,338,N/A,N/A,N/A,audio delay,1,left,no early,hit,0,0,2402.5851,2407.4847,2403.0851,2403.9188,2403.9188,2404.5688,2404.5688,2405.7688,2405.7688,2407.2688,"2405.9587, 2406.0621, 2406.2033, 2406.3345, 2406.4616, 2406.6115, 2406.7577, 2406.8834, 2407.0233, 2407.1686, 2407.3246, 2407.4703",,,,4.899600000000191,,
sub-440957/sub-440957_ses-20190211T143614_behavior+ecephys+image+ogen.nwb,440957,,340,340,339,N/A,N/A,N/A,audio delay,1,right,no early,hit,0,0,2409.6184,2414.4191,2410.1184,2410.9366,2410.9366,2411.5866,2411.5866,2412.7866,2412.7866,2414.2866,,"2412.8931, 2412.9979, 2413.1383, 2413.2774, 2413.4131, 2413.5333, 2413.5705, 2413.6630, 2413.8104, 2413.9553, 2414.0778, 2414.2268, 2414.3571",,,4.800700000000234,,
sub-440957/sub-440957_ses-20190211T143614_behavior+ecephys+image+ogen.nwb,440957,,341,341,340,N/A,N/A,N/A,audio delay,1,left,no early,miss,0,0,2416.6379,2420.0243,2417.1379,2417.982,2417.982,2418.632,2418.632,2419.832,2419.832,,,2419.9243,,,3.386399999999867,,
sub-440957/sub-440957_ses-20190211T143614_behavior+ecephys+image+ogen.nwb,440957,,342,342,341,N/A,N/A,N/A,audio delay,1,right,no early,hit,0,0,2422.3626,2427.1266,2422.8626,2423.6337,2423.6337,2424.2837,2424.2837,2425.4837,2425.4837,2426.9837,,"2425.6006, 2425.7239, 2425.8636, 2425.9883, 2426.0338, 2426.1248, 2426.2557, 2426.3868, 2426.5138, 2426.6544, 2426.7855, 2426.9226, 2427.0663",,,4.764000000000124,,
sub-440957/sub-440957_ses-20190211T143614_behavior+ecephys+image+ogen.nwb,440957,,343,343,342,N/A,N/A,N/A,audio delay,1,left,no early,hit,0,0,2429.3531,2434.1908,2429.8531,2430.6002,2430.6002,2431.2502,2431.2502,2432.4502,2432.4502,2433.9502,"2432.6648, 2432.7919, 2432.9294, 2433.0631, 2433.1894, 2433.3171, 2433.4337, 2433.5632, 2433.6847, 2433.8019, 2433.9274, 2434.0647",,,,4.837700000000041,,
sub-440957/sub-440957_ses-20190211T143614_behavior+ecephys+image+ogen.nwb,440957,,344,344,343,N/A,N/A,N/A,audio delay,1,left,no early,hit,0,0,2436.9094,2441.6938,2437.4094,2438.0762,2438.0762,2438.7262,2438.7262,2439.9262,2439.9262,2441.4262,"2440.1678, 2440.2893, 2440.4250, 2440.5670, 2440.7064, 2440.8312, 2440.9616, 2441.0703, 2441.2031, 2441.3240, 2441.4505, 2441.5885",,,,4.784400000000005,,
sub-440957/sub-440957_ses-20190211T143614_behavior+ecephys+image+ogen.nwb,440957,,345,345,344,N/A,N/A,N/A,audio delay,1,right,no early,hit,0,0,2444.0068,2448.9343,2444.5068,2445.3583,2445.3583,2446.0083,2446.0083,2447.2083,2447.2083,2448.7083,,"2447.4083, 2447.5475, 2447.6891, 2447.8180, 2447.9404, 2447.9674, 2448.0755, 2448.2006, 2448.3260, 2448.4466, 2448.5980, 2448.7457, 2448.8740",,,4.927499999999782,,
sub-440957/sub-440957_ses-20190211T143614_behavior+ecephys+image+ogen.nwb,440957,,346,346,345,N/A,N/A,N/A,audio delay,1,left,no early,hit,0,0,2451.3079,2456.2001,2451.8079,2452.6542,2452.6542,2453.3042,2453.3042,2454.5042,2454.5042,2456.0042,"2454.6741, 2454.7932, 2454.9584, 2455.0999, 2455.2558, 2455.3750, 2455.5010, 2455.6222, 2455.6528, 2455.7492, 2455.8760, 2456.0153, 2456.1357",,,,4.89220000000023,,
sub-440957/sub-440957_ses-20190211T143614_behavior+ecephys+image+ogen.nwb,440957,,347,347,346,N/A,N/A,N/A,audio delay,1,left,no early,hit,0,0,2458.3398,2463.0088,2458.8398,2459.5483,2459.5483,2460.1983,2460.1983,2461.3983,2461.3983,2462.8983,"2461.4828, 2461.6031, 2461.7359, 2461.8629, 2462.0025, 2462.1339, 2462.2684, 2462.4044, 2462.5301, 2462.6582, 2462.7907, 2462.9147, 2462.9524",,,,4.668999999999869,,
sub-440957/sub-440957_ses-20190211T143614_behavior+ecephys+image+ogen.nwb,440957,,348,348,347,N/A,N/A,N/A,audio delay,1,left,no early,hit,0,0,2466.0015,2470.7437,2466.5015,2467.2072,2467.2072,2467.8572,2467.8572,2469.0572,2469.0572,2470.5572,"2469.2177, 2469.3340, 2469.4655, 2469.6120, 2469.7457, 2469.8787, 2470.0072, 2470.1306, 2470.2577, 2470.3940, 2470.5318, 2470.6488",,,,4.742200000000139,,
sub-440957/sub-440957_ses-20190211T143614_behavior+ecephys+image+ogen.nwb,440957,,349,349,348,N/A,N/A,N/A,audio delay,1,left,no early,hit,0,0,2473.1041,2477.8083,2473.6041,2474.3207,2474.3207,2474.9707,2474.9707,2476.1707,2476.1707,2477.6707,"2476.2823, 2476.4006, 2476.5393, 2476.6725, 2476.7101, 2476.7217, 2476.8116, 2476.9367, 2477.0652, 2477.1944, 2477.3136, 2477.4517, 2477.5779, 2477.7246",,,,4.704200000000128,,
sub-440957/sub-440957_ses-20190211T143614_behavior+ecephys+image+ogen.nwb,440957,,350,350,349,N/A,N/A,N/A,audio delay,1,right,no early,hit,0,0,2480.4606,2485.3164,2480.9606,2481.8246,2481.8246,2482.4746,2482.4746,2483.6746,2483.6746,2485.1746,,"2483.7904, 2483.9169, 2484.0526, 2484.1792, 2484.3137, 2484.4542, 2484.5700, 2484.7030, 2484.8459, 2484.9879, 2485.1047, 2485.2356",,,4.855800000000272,,
sub-440957/sub-440957_ses-20190211T143614_behavior+ecephys+image+ogen.nwb,440957,,351,351,350,N/A,N/A,N/A,audio delay,1,left,no early,hit,0,0,2487.6767,2492.5208,2488.1767,2488.9007,2488.9007,2489.5507,2489.5507,2490.7507,2490.7507,2492.2507,"2490.9948, 2491.1249, 2491.2714, 2491.4049, 2491.5383, 2491.6584, 2491.7855, 2491.9228, 2492.0481, 2492.1660, 2492.3189, 2492.4345",,,,4.8440999999997985,,
sub-440957/sub-440957_ses-20190211T143614_behavior+ecephys+image+ogen.nwb,440957,,352,352,351,N/A,N/A,N/A,audio delay,1,left,no early,hit,0,0,2495.4169,2500.2442,2495.9169,2496.6407,2496.6407,2497.2907,2497.2907,2498.4907,2498.4907,2499.9907,"2498.7182, 2498.8317, 2498.9938, 2499.1270, 2499.2443, 2499.3792, 2499.5007, 2499.5300, 2499.6233, 2499.7627, 2499.8797, 2500.0048, 2500.1403",,,,4.827299999999923,,
sub-440957/sub-440957_ses-20190211T143614_behavior+ecephys+image+ogen.nwb,440957,,353,353,352,N/A,N/A,N/A,audio delay,1,left,no early,hit,0,0,2503.167,2507.8948,2503.667,2504.3466,2504.3466,2504.9966,2504.9966,2506.1966,2506.1966,2507.6966,"2506.3688, 2506.4866, 2506.6264, 2506.7608, 2506.8976, 2507.0282, 2507.1547, 2507.2879, 2507.4145, 2507.5539, 2507.6951, 2507.8168",,,,4.727800000000116,,
sub-440957/sub-440957_ses-20190211T143614_behavior+ecephys+image+ogen.nwb,440957,,354,354,353,N/A,N/A,N/A,audio delay,1,left,no early,miss,0,0,2510.54,2513.7623,2511.04,2511.7079,2511.7079,2512.3579,2512.3579,2513.5579,2513.5579,,,2513.6623,,,3.2222999999999047,,
sub-440957/sub-440957_ses-20190211T143614_behavior+ecephys+image+ogen.nwb,440957,,355,355,354,N/A,N/A,N/A,audio delay,1,right,no early,hit,0,0,2515.9525,2520.7194,2516.4525,2517.232,2517.232,2517.882,2517.882,2519.082,2519.082,2520.582,,"2519.1934, 2519.2846, 2519.4212, 2519.5521, 2519.6885, 2519.8108, 2519.9316, 2520.0586, 2520.1807, 2520.3216, 2520.4639, 2520.6008",,,4.766900000000078,,
sub-440957/sub-440957_ses-20190211T143614_behavior+ecephys+image+ogen.nwb,440957,,356,356,355,N/A,N/A,N/A,audio delay,1,left,no early,hit,0,0,2523.6472,2528.6173,2524.1472,2525.0503,2525.0503,2525.7003,2525.7003,2526.9003,2526.9003,2528.4003,"2527.0913, 2527.2257, 2527.3690, 2527.4057, 2527.5049, 2527.6354, 2527.7737, 2527.8953, 2528.0177, 2528.1503, 2528.2622, 2528.3929, 2528.5300",,,,4.970100000000002,,
sub-440957/sub-440957_ses-20190211T143614_behavior+ecephys+image+ogen.nwb,440957,,357,357,356,N/A,N/A,N/A,audio delay,1,left,no early,hit,0,0,2531.4008,2536.3021,2531.9008,2532.768,2532.768,2533.418,2533.418,2534.618,2534.618,2536.118,"2534.7761, 2534.8874, 2535.0369, 2535.1745, 2535.2070, 2535.2186, 2535.3227, 2535.4481, 2535.5857, 2535.7123, 2535.8410, 2535.9553, 2536.0887, 2536.2224",,,,4.901299999999992,,
sub-440957/sub-440957_ses-20190211T143614_behavior+ecephys+image+ogen.nwb,440957,,358,358,357,N/A,N/A,N/A,audio delay,1,left,no early,hit,0,0,2538.6809,2543.4261,2539.1809,2539.8434,2539.8434,2540.4934,2540.4934,2541.6934,2541.6934,2543.1934,"2541.9001, 2542.0357, 2542.1649, 2542.3057, 2542.4307, 2542.5648, 2542.6853, 2542.8174, 2542.9333, 2543.0782, 2543.1894, 2543.3252",,,,4.745200000000295,,
sub-440957/sub-440957_ses-20190211T143614_behavior+ecephys+image+ogen.nwb,440957,,359,359,358,1.838,5.500,0.5000,audio delay,1,left,no early,hit,0,0,2545.778,2550.5538,2546.278,2546.9661,2546.9661,2547.6161,2547.6161,2548.8161,2548.8161,2550.3161,"2549.0278, 2549.1483, 2549.2818, 2549.4195, 2549.5469, 2549.6947, 2549.9503, 2550.0922, 2550.2128, 2550.3343, 2550.4595",,2547.6160,2548.1160,4.775800000000345,,
sub-440957/sub-440957_ses-20190211T143614_behavior+ecephys+image+ogen.nwb,440957,,360,360,359,N/A,N/A,N/A,audio delay,1,right,no early,hit,0,0,2553.072,2557.9539,2553.572,2554.4529,2554.4529,2555.1029,2555.1029,2556.3029,2556.3029,2557.8029,,"2556.4279, 2556.5620, 2556.6853, 2556.8232, 2556.8426, 2556.9539, 2557.0898, 2557.2157, 2557.3682, 2557.3988, 2557.5159, 2557.6322, 2557.7636, 2557.7963, 2557.9169",,,4.88189999999986,,
sub-440957/sub-440957_ses-20190211T143614_behavior+ecephys+image+ogen.nwb,440957,,361,361,360,N/A,N/A,N/A,audio delay,1,left,no early,miss,0,0,2560.4972,2563.8688,2560.9972,2561.658,2561.658,2562.308,2562.308,2563.508,2563.508,,,2563.7688,,,3.3716000000003987,,
sub-440957/sub-440957_ses-20190211T143614_behavior+ecephys+image+ogen.nwb,440957,,362,362,361,N/A,N/A,N/A,audio delay,1,left,no early,hit,0,0,2566.0672,2570.8473,2566.5672,2567.3138,2567.3138,2567.9638,2567.9638,2569.1638,2569.1638,2570.6638,"2569.3213, 2569.4324, 2569.5888, 2569.7365, 2569.8618, 2569.9815, 2570.1137, 2570.2351, 2570.3778, 2570.4967, 2570.6300, 2570.7700",,,,4.780099999999948,,
sub-440957/sub-440957_ses-20190211T143614_behavior+ecephys+image+ogen.nwb,440957,,363,363,362,N/A,N/A,N/A,audio delay,1,right,no early,hit,0,0,2574.4903,2579.2555,2574.9903,2575.7646,2575.7646,2576.4146,2576.4146,2577.6146,2577.6146,2579.1146,,"2577.7295, 2577.8330, 2577.9718, 2578.0919, 2578.2248, 2578.3711, 2578.3914, 2578.5035, 2578.6390, 2578.7875, 2578.9113, 2579.0528, 2579.1833",,,4.765200000000277,,
sub-440957/sub-440957_ses-20190211T143614_behavior+ecephys+image+ogen.nwb,440957,,364,364,363,1.903,5.500,0.5000,audio delay,1,left,no early,hit,0,0,2581.9539,2586.8532,2582.4539,2583.2072,2583.2072,2583.8572,2583.8572,2585.0572,2585.0572,2586.5572,"2585.3272, 2585.4425, 2585.5881, 2585.7156, 2585.7460, 2585.8462, 2585.9811, 2586.0968, 2586.2223, 2586.3449, 2586.4664, 2586.5978, 2586.7461",,2583.8569,2584.3569,4.899300000000039,,
sub-440957/sub-440957_ses-20190211T143614_behavior+ecephys+image+ogen.nwb,440957,,365,365,364,1.997,5.500,0.5000,audio delay,1,right,no early,hit,0,0,2589.7554,2594.7223,2590.2554,2591.1024,2591.1024,2591.7524,2591.7524,2592.9524,2592.9524,2594.4524,,"2593.1963, 2593.3285, 2593.4701, 2593.5922, 2593.7219, 2593.8467, 2593.9967, 2594.1088, 2594.1468, 2594.2566, 2594.3961, 2594.4213, 2594.5234, 2594.6421",2591.7524,2592.2524,4.966899999999896,,
sub-440957/sub-440957_ses-20190211T143614_behavior+ecephys+image+ogen.nwb,440957,,366,366,365,N/A,N/A,N/A,audio delay,1,left,no early,hit,0,0,2598.093,2602.9361,2598.593,2599.4017,2599.4017,2600.0517,2600.0517,2601.2517,2601.2517,2602.7517,"2601.4101, 2601.5215, 2601.6761, 2601.8039, 2601.9367, 2602.0815, 2602.2124, 2602.3444, 2602.3691, 2602.4727, 2602.6141, 2602.7676, 2602.8785",,,,4.8431000000000495,,
sub-440957/sub-440957_ses-20190211T143614_behavior+ecephys+image+ogen.nwb,440957,,367,367,366,N/A,N/A,N/A,audio delay,1,right,no early,hit,0,0,2605.3592,2610.2468,2605.8592,2606.7546,2606.7546,2607.4046,2607.4046,2608.6046,2608.6046,2610.1046,,"2608.7208, 2608.8424, 2608.9838, 2609.1274, 2609.2488, 2609.2770, 2609.3889, 2609.5080, 2609.6492, 2609.7805, 2609.9180, 2610.0503, 2610.0790, 2610.2000",,,4.88760000000002,,
sub-440957/sub-440957_ses-20190211T143614_behavior+ecephys+image+ogen.nwb,440957,,368,368,367,2.009,5.500,0.5000,audio delay,1,right,no early,hit,0,0,2612.5032,2617.3445,2613.0032,2613.8618,2613.8618,2614.5118,2614.5118,2615.7118,2615.7118,2617.2118,,"2615.8185, 2615.9500, 2616.0757, 2616.2018, 2616.3263, 2616.4582, 2616.5922, 2616.7079, 2616.8483, 2616.9796, 2617.1209, 2617.2689",2614.5122,2615.0122,4.841300000000047,,
sub-440957/sub-440957_ses-20190211T143614_behavior+ecephys+image+ogen.nwb,440957,,369,369,368,N/A,N/A,N/A,audio delay,1,left,no early,miss,0,0,2620.2833,2623.5602,2620.7833,2621.5016,2621.5016,2622.1516,2622.1516,2623.3516,2623.3516,,,2623.4602,,,3.2768999999998414,,
sub-440957/sub-440957_ses-20190211T143614_behavior+ecephys+image+ogen.nwb,440957,,370,370,369,N/A,N/A,N/A,audio delay,1,left,no early,hit,0,0,2625.7398,2630.7115,2626.2398,2627.1008,2627.1008,2627.7508,2627.7508,2628.9508,2628.9508,2630.4508,"2629.1855, 2629.2960, 2629.4401, 2629.6029, 2629.6421, 2629.7361, 2629.8561, 2629.9943, 2630.1139, 2630.2413, 2630.3606, 2630.4784, 2630.6156",,,,4.971700000000055,,
sub-440957/sub-440957_ses-20190211T143614_behavior+ecephys+image+ogen.nwb,440957,,371,371,370,N/A,N/A,N/A,audio delay,1,left,no early,hit,0,0,2639.0542,2643.8624,2639.5542,2640.3204,2640.3204,2640.9704,2640.9704,2642.1704,2642.1704,2643.6704,"2642.3364, 2642.4654, 2642.6070, 2642.7434, 2642.8931, 2642.9109, 2643.0117, 2643.1362, 2643.2644, 2643.4421, 2643.5820",,,,4.8081999999999425,,
sub-440957/sub-440957_ses-20190211T143614_behavior+ecephys+image+ogen.nwb,440957,,372,372,371,2.021,5.500,0.5000,audio delay,1,right,no early,hit,0,0,2646.0299,2650.8965,2646.5299,2647.4011,2647.4011,2648.0511,2648.0511,2649.2511,2649.2511,2650.7511,,"2649.3705, 2649.4795, 2649.6180, 2649.7606, 2649.8843, 2649.9288, 2650.0192, 2650.1403, 2650.2889, 2650.4255, 2650.5650, 2650.7051, 2650.8333",2648.0509,2648.5509,4.866599999999835,,
sub-440957/sub-440957_ses-20190211T143614_behavior+ecephys+image+ogen.nwb,440957,,373,373,372,N/A,N/A,N/A,audio delay,1,left,no early,hit,0,0,2654.0677,2658.9708,2654.5677,2655.3837,2655.3837,2656.0337,2656.0337,2657.2337,2657.2337,2658.7337,"2657.4448, 2657.5616, 2657.7255, 2657.8648, 2657.8972, 2658.0121, 2658.1421, 2658.1856, 2658.2656, 2658.3821, 2658.5195, 2658.6336, 2658.7601, 2658.9173",,,,4.903099999999995,,
sub-440957/sub-440957_ses-20190211T143614_behavior+ecephys+image+ogen.nwb,440957,,374,374,373,1.904,5.500,0.5000,audio delay,1,left,no early,hit,0,0,2661.6916,2666.4435,2662.1916,2662.9451,2662.9451,2663.5951,2663.5951,2664.7951,2664.7951,2666.2951,"2664.9175, 2665.0269, 2665.1822, 2665.3130, 2665.4590, 2665.6179, 2665.6972, 2665.8211, 2665.9424, 2666.0709, 2666.2068, 2666.3320",,2663.5956,2664.0956,4.75189999999975,,
sub-440957/sub-440957_ses-20190211T143614_behavior+ecephys+image+ogen.nwb,440957,,375,375,374,N/A,N/A,N/A,audio delay,1,left,no early,hit,0,0,2669.2562,2674.0564,2669.7562,2670.5318,2670.5318,2671.1818,2671.1818,2672.3818,2672.3818,2673.8818,"2672.5304, 2672.6452, 2672.7931, 2672.9284, 2673.0909, 2673.1830, 2673.3111, 2673.4386, 2673.5755, 2673.8330, 2673.9611",,,,4.800200000000132,,
sub-440957/sub-440957_ses-20190211T143614_behavior+ecephys+image+ogen.nwb,440957,,376,376,375,2.046,5.500,0.5000,audio delay,1,left,no early,hit,0,0,2677.1398,2682.1302,2677.6398,2678.5355,2678.5355,2679.1855,2679.1855,2680.3855,2680.3855,2681.8855,"2680.6042, 2680.7160, 2680.8585, 2680.9733, 2681.1166, 2681.2706, 2681.4078, 2681.5462, 2681.6653, 2681.8002, 2681.9297, 2682.0588",,2679.1858,2679.6858,4.990400000000136,,
sub-440957/sub-440957_ses-20190211T143614_behavior+ecephys+image+ogen.nwb,440957,,377,377,376,N/A,N/A,N/A,audio delay,1,right,no early,hit,0,0,2684.678,2689.5636,2685.178,2686.0609,2686.0609,2686.7109,2686.7109,2687.9109,2687.9109,2689.4109,,"2688.0376, 2688.1526, 2688.2918, 2688.4313, 2688.5614, 2688.6873, 2688.8367, 2688.9700, 2689.0989, 2689.2230, 2689.3668, 2689.4964",,,4.885600000000068,,
sub-440957/sub-440957_ses-20190211T143614_behavior+ecephys+image+ogen.nwb,440957,,378,378,377,N/A,N/A,N/A,audio delay,1,left,no early,hit,0,0,2692.2644,2697.2547,2692.7644,2693.673,2693.673,2694.323,2694.323,2695.523,2695.523,2697.023,"2695.7287, 2695.8442, 2695.9051, 2695.9984, 2696.1188, 2696.2526, 2696.3834, 2696.5129, 2696.6442, 2696.7762, 2696.8959, 2697.0548",,,,4.990299999999934,,
sub-440957/sub-440957_ses-20190211T143614_behavior+ecephys+image+ogen.nwb,440957,,379,379,378,N/A,N/A,N/A,audio delay,1,right,no early,hit,0,0,2699.4271,2704.1532,2699.9271,2700.6749,2700.6749,2701.3249,2701.3249,2702.5249,2702.5249,2704.0249,,"2702.6272, 2702.8860, 2703.0193, 2703.1378, 2703.2769, 2703.3917, 2703.4276, 2703.5270, 2703.6646, 2703.7955, 2703.9140, 2704.0371",,,4.726100000000315,,
sub-440957/sub-440957_ses-20190211T143614_behavior+ecephys+image+ogen.nwb,440957,,380,380,379,N/A,N/A,N/A,audio delay,1,left,no early,hit,0,0,2706.7756,2711.6778,2707.2756,2708.0475,2708.0475,2708.6975,2708.6975,2709.8975,2709.8975,2711.3975,"2710.1518, 2710.2666, 2710.3956, 2710.5226, 2710.6637, 2710.7864, 2710.9247, 2711.0411, 2711.1680, 2711.2929, 2711.4390",,,,4.9021999999999935,,
sub-440957/sub-440957_ses-20190211T143614_behavior+ecephys+image+ogen.nwb,440957,,381,381,380,N/A,N/A,N/A,audio delay,1,right,no early,hit,0,0,2713.8563,2718.7686,2714.3563,2715.2096,2715.2096,2715.8596,2715.8596,2717.0596,2717.0596,2718.5596,,"2717.2426, 2717.2642, 2717.3840, 2717.5208, 2717.6573, 2717.7881, 2717.9169, 2718.0413, 2718.1631, 2718.2975, 2718.4317, 2718.5656, 2718.7018",,,4.912299999999959,,
sub-440957/sub-440957_ses-20190211T143614_behavior+ecephys+image+ogen.nwb,440957,,382,382,381,N/A,N/A,N/A,audio delay,1,left,no early,hit,0,0,2721.6001,2726.3834,2722.1001,2722.7694,2722.7694,2723.4194,2723.4194,2724.6194,2724.6194,2726.1194,"2724.8574, 2725.0024, 2725.1359, 2725.2598, 2725.3879, 2725.5122, 2725.6464, 2725.7860, 2725.9010, 2726.0415, 2726.1764, 2726.3331",,,,4.783300000000054,,
sub-440957/sub-440957_ses-20190211T143614_behavior+ecephys+image+ogen.nwb,440957,,383,383,382,N/A,N/A,N/A,audio delay,1,right,no early,hit,0,0,2728.8152,2733.5615,2729.3152,2730.0388,2730.0388,2730.6888,2730.6888,2731.8888,2731.8888,2733.3888,,"2732.0355, 2732.1146, 2732.2557, 2732.3853, 2732.5198, 2732.6254, 2732.7457, 2732.8979, 2733.0368, 2733.1600, 2733.2870, 2733.4148",,,4.746299999999792,,
sub-440957/sub-440957_ses-20190211T143614_behavior+ecephys+image+ogen.nwb,440957,,384,384,383,N/A,N/A,N/A,audio delay,1,left,no early,miss,0,0,2736.2984,2739.8872,2736.7984,2737.6805,2737.6805,2738.3305,2738.3305,2739.5305,2739.5305,,,2739.7872,,,3.588799999999992,,
sub-440957/sub-440957_ses-20190211T143614_behavior+ecephys+image+ogen.nwb,440957,,385,385,384,N/A,N/A,N/A,audio delay,1,left,no early,hit,0,0,2742.2675,2747.0276,2742.7675,2743.5041,2743.5041,2744.1541,2744.1541,2745.3541,2745.3541,2746.8541,"2745.5016, 2745.6435, 2745.7656",,,,4.760099999999966,,
sub-440957/sub-440957_ses-20190211T143614_behavior+ecephys+image+ogen.nwb,440957,,386,386,385,1.855,5.500,0.5000,audio delay,1,left,no early,hit,0,0,2749.2086,2754.0282,2749.7086,2750.4134,2750.4134,2751.0634,2751.0634,2752.2634,2752.2634,2753.7634,"2752.5022, 2752.6361, 2752.7719, 2752.8961, 2753.0258, 2753.1572, 2753.2768, 2753.4064, 2753.5299, 2753.6522, 2753.7905, 2753.9127, 2753.9413",,2751.0636,2751.5636,4.819600000000264,,
sub-440957/sub-440957_ses-20190211T143614_behavior+ecephys+image+ogen.nwb,440957,,387,387,386,N/A,N/A,N/A,audio delay,1,left,no early,hit,0,0,2760.9055,2765.8251,2761.4055,2762.2857,2762.2857,2762.9357,2762.9357,2764.1357,2764.1357,2765.6357,"2764.2991, 2764.4286, 2764.5730, 2764.7162, 2764.7579, 2764.8569, 2764.9924, 2765.1195, 2765.2385, 2765.3677, 2765.5158, 2765.6390, 2765.7610",,,,4.919600000000173,,
sub-440957/sub-440957_ses-20190211T143614_behavior+ecephys+image+ogen.nwb,440957,,388,388,387,2.048,5.500,0.5000,audio delay,1,right,no early,hit,0,0,2768.0942,2772.9643,2768.5942,2769.4917,2769.4917,2770.1417,2770.1417,2771.3417,2771.3417,2772.8417,"2772.8026, 2772.9299","2771.4383, 2771.5242, 2771.6426, 2771.7787, 2771.9103, 2772.0321, 2772.0566, 2772.1555, 2772.2889, 2772.4238, 2772.5423, 2772.6815",2770.1422,2770.6422,4.870100000000093,,
sub-440957/sub-440957_ses-20190211T143614_behavior+ecephys+image+ogen.nwb,440957,,389,389,388,N/A,N/A,N/A,audio delay,1,left,no early,hit,0,0,2776.7103,2781.6234,2777.2103,2778.0955,2778.0955,2778.7455,2778.7455,2779.9455,2779.9455,2781.4455,"2780.0974, 2780.2086, 2780.3532, 2780.4862, 2780.6253, 2780.7471, 2780.7823, 2780.8712, 2781.0067, 2781.0446, 2781.1349, 2781.2629, 2781.3894, 2781.5191",,,,4.913099999999758,,
sub-440957/sub-440957_ses-20190211T143614_behavior+ecephys+image+ogen.nwb,440957,,390,390,389,N/A,N/A,N/A,audio delay,1,left,no early,hit,0,0,2785.6347,2790.4255,2786.1347,2786.8889,2786.8889,2787.5389,2787.5389,2788.7389,2788.7389,2790.2389,"2788.8995, 2789.0310, 2789.1727, 2789.3241, 2789.4498, 2789.5723, 2789.6141, 2789.7188, 2789.8418, 2789.9753, 2790.0116, 2790.0966, 2790.2332, 2790.3828",,,,4.790799999999763,,
sub-440957/sub-440957_ses-20190211T143614_behavior+ecephys+image+ogen.nwb,440957,,391,391,390,N/A,N/A,N/A,audio delay,1,right,no early,hit,0,0,2793.1558,2798.0166,2793.6558,2794.5006,2794.5006,2795.1506,2795.1506,2796.3506,2796.3506,2797.8506,,"2796.4906, 2796.5930, 2796.7422, 2796.8678, 2796.9917, 2797.1337, 2797.2429, 2797.3948, 2797.5110, 2797.6458, 2797.7985, 2797.9278",,,4.8607999999999265,,
sub-440957/sub-440957_ses-20190211T143614_behavior+ecephys+image+ogen.nwb,440957,,392,392,391,N/A,N/A,N/A,audio delay,1,left,no early,miss,0,0,2800.7172,2804.0536,2801.2172,2801.9828,2801.9828,2802.6328,2802.6328,2803.8328,2803.8328,,,2803.9536,,,3.3364000000001397,,
sub-440957/sub-440957_ses-20190211T143614_behavior+ecephys+image+ogen.nwb,440957,,393,393,392,N/A,N/A,N/A,audio delay,1,left,no early,hit,0,0,2806.2861,2811.1432,2806.7861,2807.5102,2807.5102,2808.1602,2808.1602,2809.3602,2809.3602,2810.8602,"2809.6172, 2809.7454, 2809.7936, 2809.8845, 2810.0186, 2810.0544, 2810.1432, 2810.2637, 2810.3826, 2810.5077, 2810.6293, 2810.7576, 2810.8911, 2811.0308",,,,4.857100000000173,,
sub-440957/sub-440957_ses-20190211T143614_behavior+ecephys+image+ogen.nwb,440957,,394,394,393,N/A,N/A,N/A,audio delay,1,left,no early,hit,0,0,2813.7765,2818.4624,2814.2765,2814.9529,2814.9529,2815.6029,2815.6029,2816.8029,2816.8029,2818.3029,"2816.9364, 2817.0573, 2817.2066, 2817.3312, 2817.4483, 2817.5801, 2817.7071, 2817.8174, 2817.9397, 2818.0701, 2818.1994, 2818.3207, 2818.4511",,,,4.685899999999947,,
sub-440957/sub-440957_ses-20190211T143614_behavior+ecephys+image+ogen.nwb,440957,,395,395,394,N/A,N/A,N/A,audio delay,1,right,no early,hit,0,0,2821.3546,2826.0782,2821.8546,2822.5441,2822.5441,2823.1941,2823.1941,2824.3941,2824.3941,2825.8941,,"2824.5522, 2824.6403, 2824.7898, 2824.9092, 2825.0212, 2825.1537, 2825.3049, 2825.4225, 2825.5660, 2825.7043, 2825.8458, 2825.9720",,,4.723599999999806,,
sub-440957/sub-440957_ses-20190211T143614_behavior+ecephys+image+ogen.nwb,440957,,396,396,395,1.948,5.500,0.5000,audio delay,1,left,no early,hit,0,0,2828.2703,2833.1561,2828.7703,2829.5683,2829.5683,2830.2183,2830.2183,2831.4183,2831.4183,2832.9183,"2831.6301, 2831.7450, 2831.8928, 2832.0274, 2832.1610, 2832.2822, 2832.4034, 2832.5200, 2832.6447, 2832.7744, 2832.8958, 2833.0255",,2830.2183,2830.7183,4.8858000000000175,,
sub-440957/sub-440957_ses-20190211T143614_behavior+ecephys+image+ogen.nwb,440957,,397,397,396,1.812,5.500,0.5000,audio delay,1,left,no early,miss,0,0,2835.6481,2838.8647,2836.1481,2836.8103,2836.8103,2837.4603,2837.4603,2838.6603,2838.6603,,,2838.7647,2837.4601,2837.9601,3.2166000000001986,,
sub-440957/sub-440957_ses-20190211T143614_behavior+ecephys+image+ogen.nwb,440957,,398,398,397,2.047,5.500,0.5000,audio delay,1,right,no early,hit,0,0,2841.1014,2846.0172,2841.6014,2842.4987,2842.4987,2843.1487,2843.1487,2844.3487,2844.3487,2845.8487,,"2844.4912, 2844.6035, 2844.7562, 2844.8877, 2845.0078, 2845.1460, 2845.2757, 2845.4014, 2845.5320, 2845.6521, 2845.7998, 2845.8268, 2845.9392",2843.1484,2843.6484,4.915799999999763,,
sub-440957/sub-440957_ses-20190211T143614_behavior+ecephys+image+ogen.nwb,440957,,399,399,398,N/A,N/A,N/A,audio delay,1,left,no early,hit,0,0,2848.8665,2853.7374,2849.3665,2850.219,2850.219,2850.869,2850.869,2852.069,2852.069,2853.569,"2852.2114, 2852.3429, 2852.4886, 2852.6174, 2852.7518, 2852.7789, 2852.8700, 2853.0012, 2853.1186, 2853.2366, 2853.3617, 2853.4960, 2853.6195, 2853.6578",,,,4.870899999999892,,
sub-440957/sub-440957_ses-20190211T143614_behavior+ecephys+image+ogen.nwb,440957,,400,400,399,N/A,N/A,N/A,audio delay,1,left,no early,hit,0,0,2856.2267,2861.2195,2856.7267,2857.6058,2857.6058,2858.2558,2858.2558,2859.4558,2859.4558,2860.9558,"2859.6935, 2859.8267, 2859.9613, 2860.0823, 2860.1961, 2860.3159, 2860.4385, 2860.5638, 2860.6871, 2860.8154, 2860.9454, 2861.0670, 2861.1958",,,,4.992799999999988,,
sub-440957/sub-440957_ses-20190211T143614_behavior+ecephys+image+ogen.nwb,440957,,401,401,400,N/A,N/A,N/A,audio delay,1,right,no early,hit,0,0,2865.4899,2870.2843,2865.9899,2866.7688,2866.7688,2867.4188,2867.4188,2868.6188,2868.6188,2870.1188,,"2868.7583, 2868.8635, 2869.0011, 2869.1438, 2869.2869, 2869.4099, 2869.5367, 2869.6586, 2869.7843, 2869.9295, 2870.0526, 2870.1996",,,4.794399999999769,,
sub-440957/sub-440957_ses-20190211T143614_behavior+ecephys+image+ogen.nwb,440957,,402,402,401,N/A,N/A,N/A,audio delay,1,left,no early,hit,0,0,2873.9744,2878.7289,2874.4744,2875.138,2875.138,2875.788,2875.788,2876.988,2876.988,2878.488,"2877.2029, 2877.3411, 2877.4637, 2877.5957, 2877.7242, 2877.8601, 2877.9719, 2878.0974, 2878.1259, 2878.2306, 2878.3461, 2878.4779, 2878.6102",,,,4.754500000000007,,
sub-440957/sub-440957_ses-20190211T143614_behavior+ecephys+image+ogen.nwb,440957,,403,403,402,N/A,N/A,N/A,audio delay,1,left,no early,hit,0,0,2883.701,2888.5974,2884.201,2885.0488,2885.0488,2885.6988,2885.6988,2886.8988,2886.8988,2888.3988,"2887.0714, 2887.1940, 2887.3202, 2887.4557, 2887.5905, 2887.7207, 2887.8675, 2887.9903, 2888.1049, 2888.1348, 2888.2211, 2888.3500, 2888.4701",,,,4.896400000000085,,
sub-440957/sub-440957_ses-20190211T143614_behavior+ecephys+image+ogen.nwb,440957,,404,404,403,N/A,N/A,N/A,audio delay,1,left,no early,miss,0,0,2891.0153,2894.444,2891.5153,2892.3569,2892.3569,2893.0069,2893.0069,2894.2069,2894.2069,,,2894.3440,,,3.4286999999999352,,
sub-440957/sub-440957_ses-20190211T143614_behavior+ecephys+image+ogen.nwb,440957,,405,405,404,N/A,N/A,N/A,audio delay,1,left,no early,hit,0,0,2896.6891,2901.353,2897.1891,2897.8493,2897.8493,2898.4993,2898.4993,2899.6993,2899.6993,2901.1993,"2899.8270, 2899.9449, 2900.0830, 2900.2027, 2900.3255, 2900.4471, 2900.5781, 2900.7118, 2900.8291, 2900.9719, 2901.0898, 2901.2132, 2901.3482",,,,4.663900000000012,,
sub-440957/sub-440957_ses-20190211T143614_behavior+ecephys+image+ogen.nwb,440957,,406,406,405,N/A,N/A,N/A,audio delay,1,right,no early,hit,0,0,2903.7037,2908.5987,2904.2037,2905.0918,2905.0918,2905.7418,2905.7418,2906.9418,2906.9418,2908.4418,,"2907.0727, 2907.1933, 2907.3271, 2907.4720, 2907.6023, 2907.7356, 2907.8825, 2907.9918, 2908.1341, 2908.2619, 2908.3789, 2908.5166",,,4.894999999999982,,
sub-440957/sub-440957_ses-20190211T143614_behavior+ecephys+image+ogen.nwb,440957,,407,407,406,N/A,N/A,N/A,audio delay,1,left,no early,hit,0,0,2911.5785,2916.5384,2912.0785,2912.9192,2912.9192,2913.5692,2913.5692,2914.7692,2914.7692,2916.2692,"2915.0124, 2915.1544, 2915.2897, 2915.4143, 2915.5359, 2915.5599, 2915.6560, 2915.7963, 2915.9018, 2916.0196, 2916.1426, 2916.2755, 2916.4033",,,,4.959899999999834,,
sub-440957/sub-440957_ses-20190211T143614_behavior+ecephys+image+ogen.nwb,440957,,408,408,407,N/A,N/A,N/A,audio delay,1,right,no early,miss,0,0,2918.9044,2922.2731,2919.4044,2920.1049,2920.1049,2920.7549,2920.7549,2921.9549,2921.9549,,2922.1731,,,,3.36869999999999,,
sub-440957/sub-440957_ses-20190211T143614_behavior+ecephys+image+ogen.nwb,440957,,409,409,408,N/A,N/A,N/A,audio delay,1,right,no early,hit,0,0,2924.5278,2929.3472,2925.0278,2925.8745,2925.8745,2926.5245,2926.5245,2927.7245,2927.7245,2929.2245,,"2927.8212, 2927.9332, 2928.0753, 2928.2073, 2928.3510, 2928.4897, 2928.6171, 2928.7479, 2928.8798, 2929.0211, 2929.1594, 2929.2869",,,4.819400000000314,,
sub-440957/sub-440957_ses-20190211T143614_behavior+ecephys+image+ogen.nwb,440957,,410,410,409,N/A,N/A,N/A,audio delay,1,left,no early,hit,0,0,2932.2508,2937.164,2932.7508,2933.6226,2933.6226,2934.2726,2934.2726,2935.4726,2935.4726,2936.9726,"2935.6380, 2935.7517, 2935.9028, 2936.0269, 2936.1538, 2936.2984, 2936.4332, 2936.5561, 2936.6891, 2936.8050, 2936.9316, 2937.0794",,,,4.9132000000004155,,
sub-440957/sub-440957_ses-20190211T143614_behavior+ecephys+image+ogen.nwb,440957,,411,411,410,N/A,N/A,N/A,audio delay,1,right,no early,hit,0,0,2939.8526,2944.7517,2940.3526,2941.1416,2941.1416,2941.7916,2941.7916,2942.9916,2942.9916,2944.4916,,"2943.2257, 2943.3503, 2943.3904, 2943.4899, 2943.6229, 2943.6555, 2943.7598, 2943.8666, 2944.0129, 2944.1311, 2944.1679, 2944.2594, 2944.4149, 2944.5519, 2944.6744",,,4.899099999999635,,
sub-440957/sub-440957_ses-20190211T143614_behavior+ecephys+image+ogen.nwb,440957,,412,412,411,N/A,N/A,N/A,audio delay,1,left,no early,hit,0,0,2947.7755,2952.5799,2948.2755,2948.951,2948.951,2949.601,2949.601,2950.801,2950.801,2952.301,"2951.0539, 2951.1991, 2951.3319, 2951.4552, 2951.5777, 2951.6943, 2951.8117, 2951.9406, 2952.0650, 2952.1831, 2952.3071, 2952.4374, 2952.5779",,,,4.804399999999987,,
sub-440957/sub-440957_ses-20190211T143614_behavior+ecephys+image+ogen.nwb,440957,,413,413,412,N/A,N/A,N/A,audio delay,1,left,no early,hit,0,0,2954.7853,2959.6408,2955.2853,2956.1193,2956.1193,2956.7693,2956.7693,2957.9693,2957.9693,2959.4693,"2958.1148, 2958.2225, 2958.3697, 2958.4825, 2958.6057, 2958.7252, 2958.8539, 2959.0097, 2959.1518",,,,4.85550000000012,,
sub-440957/sub-440957_ses-20190211T143614_behavior+ecephys+image+ogen.nwb,440957,,414,414,413,N/A,N/A,N/A,audio delay,1,right,no early,hit,0,0,2961.8504,2966.7031,2962.3504,2963.1123,2963.1123,2963.7623,2963.7623,2964.9623,2964.9623,2966.4623,,"2965.1771, 2965.2816, 2965.4311, 2965.4642, 2965.5739, 2965.7107, 2965.8208, 2965.9671, 2966.0890, 2966.2202, 2966.3698, 2966.4816, 2966.6088",,,4.852700000000368,,
sub-440957/sub-440957_ses-20190211T143614_behavior+ecephys+image+ogen.nwb,440957,,415,415,414,N/A,N/A,N/A,audio delay,1,right,no early,hit,0,0,2971.7381,2976.5797,2972.2381,2973.0625,2973.0625,2973.7125,2973.7125,2974.9125,2974.9125,2976.4125,,"2975.0537, 2975.1817, 2975.3177, 2975.4547, 2975.5810, 2975.7076, 2975.8441, 2975.9645, 2976.1196, 2976.2534",,,4.841599999999744,,
sub-440957/sub-440957_ses-20190211T143614_behavior+ecephys+image+ogen.nwb,440957,,416,416,415,N/A,N/A,N/A,audio delay,1,right,no early,hit,0,0,2978.7871,2983.6653,2979.2871,2980.0643,2980.0643,2980.7143,2980.7143,2981.9143,2981.9143,2983.4143,,"2982.1393, 2982.2936, 2982.4272, 2982.5568, 2982.6838, 2982.8033, 2982.8257, 2982.9576, 2983.0910, 2983.2381, 2983.3817",,,4.878200000000106,,
sub-440957/sub-440957_ses-20190211T143614_behavior+ecephys+image+ogen.nwb,440957,,417,417,416,N/A,N/A,N/A,audio delay,1,right,no early,hit,0,0,2985.8799,2990.5393,2986.3799,2987.0625,2987.0625,2987.7125,2987.7125,2988.9125,2988.9125,2990.4125,,"2989.0133, 2989.1539, 2989.2946, 2989.4113, 2989.4378, 2989.5535, 2989.6652, 2989.7987, 2989.9376, 2990.1018",,,4.659400000000005,,
sub-440957/sub-440957_ses-20190211T143614_behavior+ecephys+image+ogen.nwb,440957,,418,418,417,N/A,N/A,N/A,audio delay,1,left,no early,miss,0,0,2992.7568,2996.1954,2993.2568,2994.0229,2994.0229,2994.6729,2994.6729,2995.8729,2995.8729,,,2996.0954,,,3.4385999999999513,,
sub-440957/sub-440957_ses-20190211T143614_behavior+ecephys+image+ogen.nwb,440957,,419,419,418,N/A,N/A,N/A,audio delay,1,left,no early,hit,0,0,2998.4108,3003.323,2998.9108,2999.7728,2999.7728,3000.4228,3000.4228,3001.6228,3001.6228,3003.1228,"3001.7970, 3001.9192, 3002.0831, 3002.1998, 3002.3315, 3002.4492, 3002.5742, 3002.6961, 3002.8359, 3002.9509, 3003.0769, 3003.2116",,,,4.912199999999757,,
sub-440957/sub-440957_ses-20190211T143614_behavior+ecephys+image+ogen.nwb,440957,,420,420,419,N/A,N/A,N/A,audio delay,1,left,no early,hit,0,0,3007.0656,3012.018,3007.5656,3008.4343,3008.4343,3009.0843,3009.0843,3010.2843,3010.2843,3011.7843,"3010.4920, 3010.6241, 3010.7574, 3010.8672, 3011.0025, 3011.1479, 3011.2872, 3011.4174, 3011.5696",,,,4.952400000000125,,
sub-440957/sub-440957_ses-20190211T143614_behavior+ecephys+image+ogen.nwb,440957,,421,421,420,1.880,5.500,0.5000,audio delay,1,right,no early,hit,0,0,3014.2375,3019.0465,3014.7375,3015.4674,3015.4674,3016.1174,3016.1174,3017.3174,3017.3174,3018.8174,,"3017.5205, 3017.6523, 3017.8031, 3017.9378, 3017.9631, 3018.0778, 3018.2084, 3018.3357, 3018.4813, 3018.6142, 3018.7427, 3018.8930, 3019.0195",3016.1175,3016.6175,4.808999999999742,,
sub-440957/sub-440957_ses-20190211T143614_behavior+ecephys+image+ogen.nwb,440957,,422,422,421,N/A,N/A,N/A,audio delay,1,left,no early,hit,0,0,3023.6104,3028.312,3024.1104,3024.8233,3024.8233,3025.4733,3025.4733,3026.6733,3026.6733,3028.1733,"3026.7860, 3026.9342, 3027.0850",,,,4.701599999999871,,
sub-440957/sub-440957_ses-20190211T143614_behavior+ecephys+image+ogen.nwb,440957,,423,423,422,N/A,N/A,N/A,audio delay,1,right,no early,hit,0,0,3030.5304,3035.248,3031.0304,3031.7455,3031.7455,3032.3955,3032.3955,3033.5955,3033.5955,3035.0955,,"3033.7220, 3033.8448, 3033.9901, 3034.1229, 3034.2484, 3034.3642, 3034.3883, 3034.5174, 3034.6384, 3034.7776, 3034.9146, 3035.0588, 3035.1895",,,4.717599999999948,,
sub-440957/sub-440957_ses-20190211T143614_behavior+ecephys+image+ogen.nwb,440957,,424,424,423,N/A,N/A,N/A,audio delay,1,right,no early,hit,0,0,3038.7562,3043.6536,3039.2562,3040.1279,3040.1279,3040.7779,3040.7779,3041.9779,3041.9779,3043.4779,,"3042.1276, 3042.2189, 3042.3643, 3042.3884, 3042.5177, 3042.6528, 3042.7788, 3042.9241, 3043.0516, 3043.1906, 3043.3314, 3043.4650, 3043.5903",,,4.897400000000289,,
sub-440957/sub-440957_ses-20190211T143614_behavior+ecephys+image+ogen.nwb,440957,,425,425,424,N/A,N/A,N/A,audio delay,1,right,no early,miss,0,0,3046.4193,3050.0093,3046.9193,3047.7772,3047.7772,3048.4272,3048.4272,3049.6272,3049.6272,,3049.9093,,,,3.5900000000001455,,
sub-440957/sub-440957_ses-20190211T143614_behavior+ecephys+image+ogen.nwb,440957,,426,426,425,N/A,N/A,N/A,audio delay,1,right,no early,hit,0,0,3052.3158,3057.2518,3052.8158,3053.6513,3053.6513,3054.3013,3054.3013,3055.5013,3055.5013,3057.0013,,"3055.7258, 3055.8616, 3055.9977, 3056.1309, 3056.2672, 3056.4034, 3056.5250, 3056.6660, 3056.7975, 3056.9412, 3057.1075",,,4.936000000000149,,
sub-440957/sub-440957_ses-20190211T143614_behavior+ecephys+image+ogen.nwb,440957,,427,427,426,N/A,N/A,N/A,audio delay,1,left,no early,miss,0,0,3059.4745,3062.9737,3059.9745,3060.7869,3060.7869,3061.4369,3061.4369,3062.6369,3062.6369,,,3062.8737,,,3.499200000000201,,
sub-440957/sub-440957_ses-20190211T143614_behavior+ecephys+image+ogen.nwb,440957,,428,428,427,N/A,N/A,N/A,audio delay,1,left,no early,hit,0,0,3065.6714,3070.5243,3066.1714,3066.9377,3066.9377,3067.5877,3067.5877,3068.7877,3068.7877,3070.2877,"3068.9983, 3069.1366, 3069.2823",,,,4.852899999999863,,
sub-440957/sub-440957_ses-20190211T143614_behavior+ecephys+image+ogen.nwb,440957,,429,429,428,N/A,N/A,N/A,audio delay,1,left,no early,hit,0,0,3072.7505,3077.7053,3073.2505,3074.0907,3074.0907,3074.7407,3074.7407,3075.9407,3075.9407,3077.4407,"3076.1793, 3076.2961, 3076.4323, 3076.5639, 3076.6736, 3076.8033, 3076.9299, 3077.0593, 3077.0914, 3077.1851, 3077.3201, 3077.4427, 3077.5720, 3077.6927",,,,4.9547999999999774,,
sub-440957/sub-440957_ses-20190211T143614_behavior+ecephys+image+ogen.nwb,440957,,430,430,429,N/A,N/A,N/A,audio delay,1,right,no early,hit,0,0,3084.8217,3089.6323,3085.3217,3085.9935,3085.9935,3086.6435,3086.6435,3087.8435,3087.8435,3089.3435,,"3088.1063, 3088.2190, 3088.3810, 3088.5112, 3088.6461, 3088.7964, 3088.9306, 3089.0873, 3089.2301, 3089.3792",,,4.81060000000025,,
sub-440957/sub-440957_ses-20190211T143614_behavior+ecephys+image+ogen.nwb,440957,,431,431,430,N/A,N/A,N/A,audio delay,1,right,no early,miss,0,0,3091.8614,3095.2664,3092.3614,3093.068,3093.068,3093.718,3093.718,3094.918,3094.918,,3095.1664,,,,3.4050000000002,,
sub-440957/sub-440957_ses-20190211T143614_behavior+ecephys+image+ogen.nwb,440957,,432,432,431,N/A,N/A,N/A,audio delay,1,right,no early,hit,0,0,3097.5396,3102.4399,3098.0396,3098.919,3098.919,3099.569,3099.569,3100.769,3100.769,3102.269,,"3100.9139, 3101.0283, 3101.1747, 3101.3148, 3101.4595, 3101.5873, 3101.7400, 3101.8751, 3102.0139, 3102.1580, 3102.2963, 3102.4278",,,4.900299999999788,,
sub-440957/sub-440957_ses-20190211T143614_behavior+ecephys+image+ogen.nwb,440957,,433,433,432,1.976,5.500,0.5000,audio delay,1,right,no early,miss,0,0,3105.567,3109.0385,3106.067,3106.8927,3106.8927,3107.5427,3107.5427,3108.7427,3108.7427,,3108.9385,,3107.5430,3108.0430,3.4715000000001055,,
sub-440957/sub-440957_ses-20190211T143614_behavior+ecephys+image+ogen.nwb,440957,,434,434,433,N/A,N/A,N/A,audio delay,1,left,no early,hit,0,0,3111.3108,3116.1497,3111.8108,3112.5328,3112.5328,3113.1828,3113.1828,3114.3828,3114.3828,3115.8828,"3114.6237, 3114.7519, 3114.8969, 3115.0388, 3115.2890, 3115.4362, 3115.5688, 3115.6888, 3115.8169, 3115.9432, 3116.0693",,,,4.8388999999997395,,
sub-440957/sub-440957_ses-20190211T143614_behavior+ecephys+image+ogen.nwb,440957,,435,435,434,N/A,N/A,N/A,audio delay,1,right,no early,hit,0,0,3118.4495,3123.1565,3118.9495,3119.6648,3119.6648,3120.3148,3120.3148,3121.5148,3121.5148,3123.0148,,"3121.6305, 3121.7579, 3121.8886, 3122.0263, 3122.1684, 3122.2849, 3122.4342, 3122.5669, 3122.7014, 3122.8435, 3122.9631, 3123.1008",,,4.70699999999988,,
sub-440957/sub-440957_ses-20190211T143614_behavior+ecephys+image+ogen.nwb,440957,,436,436,435,N/A,N/A,N/A,audio delay,1,right,no early,hit,0,0,3125.6571,3130.3453,3126.1571,3126.8274,3126.8274,3127.4774,3127.4774,3128.6774,3128.6774,3130.1774,,"3128.8193, 3128.9493, 3129.0838, 3129.2131, 3129.3411, 3129.4807, 3129.5975, 3129.7475, 3129.8877, 3130.0074, 3130.1379, 3130.2981",,,4.688200000000052,,
sub-440957/sub-440957_ses-20190211T143614_behavior+ecephys+image+ogen.nwb,440957,,437,437,436,N/A,N/A,N/A,audio delay,1,left,no early,hit,0,0,3132.9788,3137.7737,3133.4788,3134.1879,3134.1879,3134.8379,3134.8379,3136.0379,3136.0379,3137.5379,"3136.2477, 3136.3736, 3136.5133, 3136.6425, 3136.7792, 3136.9073, 3137.0625, 3137.1857, 3137.3156, 3137.4505, 3137.5770, 3137.7057",,,,4.794900000000325,,
sub-440957/sub-440957_ses-20190211T143614_behavior+ecephys+image+ogen.nwb,440957,,438,438,437,N/A,N/A,N/A,audio delay,1,right,no early,hit,0,0,3140.0102,3144.8192,3140.5102,3141.3455,3141.3455,3141.9955,3141.9955,3143.1955,3143.1955,3144.6955,,"3143.2932, 3143.4124, 3143.5557, 3143.6937, 3143.8006, 3143.9382, 3143.9629, 3144.0718, 3144.2044, 3144.3269, 3144.4763, 3144.6174",,,4.808999999999742,,
sub-440957/sub-440957_ses-20190211T143614_behavior+ecephys+image+ogen.nwb,440957,,439,439,438,N/A,N/A,N/A,audio delay,1,right,early,hit,0,0,3147.0552,3153.11,3147.5552,3148.3151,3148.3151,3148.9651,3148.9651,3149.9971,3151.4353,3152.9353,,"3149.8971, 3150.0085, 3150.1353, 3151.5840, 3151.6975, 3151.8320, 3151.9610, 3152.0104, 3152.1043, 3152.2572, 3152.4032, 3152.5304, 3152.6719, 3152.8203, 3152.9575, 3153.0933",,,6.054800000000341,,
sub-440957/sub-440957_ses-20190211T143614_behavior+ecephys+image+ogen.nwb,440957,,440,440,439,N/A,N/A,N/A,audio delay,1,right,no early,miss,0,0,3157.2202,3160.6833,3157.7202,3158.5755,3158.5755,3159.2255,3159.2255,3160.4255,3160.4255,,3160.5833,,,,3.4630999999999403,,
sub-440957/sub-440957_ses-20190211T143614_behavior+ecephys+image+ogen.nwb,440957,,441,441,440,N/A,N/A,N/A,audio delay,1,right,no early,hit,0,0,3162.9616,3167.7141,3163.4616,3164.2449,3164.2449,3164.8949,3164.8949,3166.0949,3166.0949,3167.5949,,"3166.1881, 3166.2840, 3166.4150, 3166.4480, 3166.5438, 3166.6803, 3166.8086, 3166.9363, 3167.0911, 3167.2371, 3167.3753, 3167.4993, 3167.6472",,,4.752500000000055,,
sub-440957/sub-440957_ses-20190211T143614_behavior+ecephys+image+ogen.nwb,440957,,442,442,441,N/A,N/A,N/A,audio delay,1,left,no early,hit,0,0,3170.1747,3175.031,3170.6747,3171.5023,3171.5023,3172.1523,3172.1523,3173.3523,3173.3523,3174.8523,"3173.5050, 3173.6182, 3173.7593, 3173.8835, 3174.0181, 3174.1442, 3174.2743, 3174.3962, 3174.5231, 3174.6526, 3174.7658, 3174.8882, 3175.0306",,,,4.856299999999919,,
sub-440957/sub-440957_ses-20190211T143614_behavior+ecephys+image+ogen.nwb,440957,,443,443,442,N/A,N/A,N/A,audio delay,1,right,no early,hit,0,0,3177.408,3182.2618,3177.908,3178.7593,3178.7593,3179.4093,3179.4093,3180.6093,3180.6093,3182.1093,,"3180.7358, 3180.8514, 3180.9868, 3181.1197, 3181.1408, 3181.1518, 3181.2484, 3181.3978, 3181.4283, 3181.5279, 3181.6563, 3181.6787, 3181.7910, 3181.9400, 3182.0803, 3182.2098",,,4.853800000000319,,
sub-440957/sub-440957_ses-20190211T143614_behavior+ecephys+image+ogen.nwb,440957,,444,444,443,N/A,N/A,N/A,audio delay,1,right,no early,hit,0,0,3184.7481,3189.5478,3185.2481,3186.0558,3186.0558,3186.7058,3186.7058,3187.9058,3187.9058,3189.4058,,"3188.0218, 3188.1514, 3188.2807, 3188.4036, 3188.5414, 3188.6579, 3188.7846, 3188.8314, 3188.9246, 3189.0651, 3189.1977, 3189.3148, 3189.4641",,,4.79970000000003,,
sub-440957/sub-440957_ses-20190211T143614_behavior+ecephys+image+ogen.nwb,440957,,445,445,444,N/A,N/A,N/A,audio delay,1,right,no early,hit,0,0,3191.8581,3196.5442,3192.3581,3193.0558,3193.0558,3193.7058,3193.7058,3194.9058,3194.9058,3196.4058,,"3195.0182, 3195.1256, 3195.2603, 3195.3951, 3195.5283, 3195.6470, 3195.7682, 3195.7978, 3195.9213, 3196.0572, 3196.1778, 3196.3261, 3196.4504",,,4.686099999999897,,
sub-440957/sub-440957_ses-20190211T143614_behavior+ecephys+image+ogen.nwb,440957,,446,446,445,1.858,5.500,0.5000,audio delay,1,right,no early,hit,0,0,3198.83,3203.5347,3199.33,3200.038,3200.038,3200.688,3200.688,3201.888,3201.888,3203.388,,"3202.0087, 3202.1231, 3202.2606, 3202.3947, 3202.5152, 3202.6447, 3202.6661, 3202.7638, 3202.8049, 3202.8997, 3203.0320, 3203.1544, 3203.3030, 3203.4505",3200.6880,3201.1880,4.70470000000023,,
sub-440957/sub-440957_ses-20190211T143614_behavior+ecephys+image+ogen.nwb,440957,,447,447,446,N/A,N/A,N/A,audio delay,1,left,no early,miss,0,0,3205.8367,3209.1539,3206.3367,3207.0909,3207.0909,3207.7409,3207.7409,3208.9409,3208.9409,,,3209.0539,,,3.317199999999957,,
sub-440957/sub-440957_ses-20190211T143614_behavior+ecephys+image+ogen.nwb,440957,,448,448,447,2.028,5.500,0.5000,audio delay,1,right,no early,miss,0,0,3211.5601,3215.1462,3212.0601,3212.9376,3212.9376,3213.5876,3213.5876,3214.7876,3214.7876,,3215.0462,,3213.5881,3214.0881,3.5860999999999876,,
sub-440957/sub-440957_ses-20190211T143614_behavior+ecephys+image+ogen.nwb,440957,,449,449,448,N/A,N/A,N/A,audio delay,1,right,no early,hit,0,0,3217.4297,3222.1435,3217.9297,3218.6293,3218.6293,3219.2793,3219.2793,3220.4793,3220.4793,3221.9793,,"3220.6175, 3220.7366, 3220.8820, 3220.9070, 3220.9990, 3221.1345, 3221.1726, 3221.2637, 3221.3791, 3221.4077, 3221.5274, 3221.5514, 3221.6520, 3221.7869, 3221.9386, 3222.0627",,,4.713799999999992,,
sub-440957/sub-440957_ses-20190211T143614_behavior+ecephys+image+ogen.nwb,440957,,450,450,449,1.814,5.500,0.5000,audio delay,1,left,no early,hit,0,0,3226.8359,3231.59,3227.3359,3228.0001,3228.0001,3228.6501,3228.6501,3229.8501,3229.8501,3231.3501,"3230.0640, 3230.1904, 3230.3327, 3230.4771, 3230.5986, 3230.7280, 3230.8561, 3230.9833, 3231.1215, 3231.2320, 3231.3775, 3231.5352, 3231.5577",,3228.6499,3229.1499,4.754100000000108,,
sub-440957/sub-440957_ses-20190211T143614_behavior+ecephys+image+ogen.nwb,440957,,451,451,450,1.872,5.500,0.5000,audio delay,1,right,no early,hit,0,0,3234.0987,3238.8243,3234.5987,3235.3211,3235.3211,3235.9711,3235.9711,3237.1711,3237.1711,3238.6711,,"3237.2983, 3237.4196, 3237.5533, 3237.5857, 3237.6858, 3237.8048, 3237.9350, 3238.0547, 3238.1935, 3238.3280, 3238.4548, 3238.5949, 3238.7363",3235.9707,3236.4707,4.725600000000213,,
sub-440957/sub-440957_ses-20190211T143614_behavior+ecephys+image+ogen.nwb,440957,,452,452,451,N/A,N/A,N/A,audio delay,1,left,no early,hit,0,0,3244.8671,3249.6473,3245.3671,3246.078,3246.078,3246.728,3246.728,3247.928,3247.928,3249.428,"3248.1213, 3248.2414, 3248.3909, 3248.5257, 3248.6462, 3248.7882, 3248.9147, 3249.0363, 3249.1613, 3249.2835, 3249.4058, 3249.5599",,,,4.78020000000015,,
sub-440957/sub-440957_ses-20190211T143614_behavior+ecephys+image+ogen.nwb,440957,,453,453,452,N/A,N/A,N/A,audio delay,1,left,no early,hit,0,0,3252.4208,3257.1129,3252.9208,3253.5905,3253.5905,3254.2405,3254.2405,3255.4405,3255.4405,3256.9405,"3255.5869, 3255.7236, 3255.8646, 3255.9883, 3256.1214, 3256.2402, 3256.3604, 3256.5044, 3256.6153, 3256.7470, 3256.8783, 3257.0125",,,,4.6921000000002095,,
sub-440957/sub-440957_ses-20190211T143614_behavior+ecephys+image+ogen.nwb,440957,,454,454,453,N/A,N/A,N/A,audio delay,1,left,no early,hit,0,0,3260.9519,3265.8856,3261.4519,3262.3137,3262.3137,3262.9637,3262.9637,3264.1637,3264.1637,3265.6637,"3264.3596, 3264.4745, 3264.6092, 3264.7493, 3264.8752, 3264.9904, 3265.1186, 3265.1624, 3265.2378, 3265.3568, 3265.4801, 3265.6134, 3265.7345, 3265.8634",,,,4.933700000000044,,
sub-440957/sub-440957_ses-20190211T143614_behavior+ecephys+image+ogen.nwb,440957,,455,455,454,N/A,N/A,N/A,audio delay,1,right,no early,hit,0,0,3269.6399,3274.4685,3270.1399,3270.9726,3270.9726,3271.6226,3271.6226,3272.8226,3272.8226,3274.3226,,"3272.9425, 3273.0711, 3273.2113, 3273.3420, 3273.4699, 3273.6057, 3273.7468, 3273.8901, 3274.0214, 3274.1482, 3274.2965, 3274.4376",,,4.828599999999824,,
sub-440957/sub-440957_ses-20190211T143614_behavior+ecephys+image+ogen.nwb,440957,,456,456,455,N/A,N/A,N/A,audio delay,1,left,no early,hit,0,0,3276.72,3281.6512,3277.22,3278.0829,3278.0829,3278.7329,3278.7329,3279.9329,3279.9329,3281.4329,"3280.1252, 3280.2453, 3280.3973, 3280.5327, 3280.6739, 3280.8166, 3280.9530, 3280.9849, 3281.0767, 3281.2107, 3281.2417, 3281.3236, 3281.4446, 3281.4725, 3281.5661",,,,4.93119999999999,,
sub-440957/sub-440957_ses-20190211T143614_behavior+ecephys+image+ogen.nwb,440957,,457,457,456,N/A,N/A,N/A,audio delay,1,left,no early,hit,0,0,3284.4355,3289.4288,3284.9355,3285.8205,3285.8205,3286.4705,3286.4705,3287.6705,3287.6705,3289.1705,"3287.9028, 3288.0397, 3288.1570, 3288.2962, 3288.4290, 3288.5399, 3288.6560, 3288.8002, 3288.9053, 3289.0233, 3289.1651, 3289.2867, 3289.4126",,,,4.99330000000009,,
sub-440957/sub-440957_ses-20190211T143614_behavior+ecephys+image+ogen.nwb,440957,,458,458,457,2.004,5.500,0.5000,audio delay,1,left,no early,hit,0,0,3294.2164,3299.0965,3294.7164,3295.5703,3295.5703,3296.2203,3296.2203,3297.4203,3297.4203,3298.9203,"3297.5705, 3297.6827, 3297.8182, 3297.9578, 3298.0836, 3298.2107, 3298.3326, 3298.3659, 3298.4558, 3298.5816, 3298.7136, 3298.8448, 3299.0236",,3296.2204,3296.7204,4.880100000000311,,
sub-440957/sub-440957_ses-20190211T143614_behavior+ecephys+image+ogen.nwb,440957,,459,459,458,N/A,N/A,N/A,audio delay,1,right,no early,hit,0,0,3301.5712,3306.2141,3302.0712,3302.7607,3302.7607,3303.4107,3303.4107,3304.6107,3304.6107,3306.1107,,"3304.6881, 3304.8173, 3304.9500, 3304.9835, 3305.0836, 3305.2105, 3305.3296, 3305.4636, 3305.5846, 3305.7165, 3305.8491, 3306.0109, 3306.1563",,,4.642900000000282,,
sub-440957/sub-440957_ses-20190211T143614_behavior+ecephys+image+ogen.nwb,440957,,460,460,459,N/A,N/A,N/A,audio delay,1,right,no early,hit,0,0,3309.0084,3313.6825,3309.5084,3310.1814,3310.1814,3310.8314,3310.8314,3312.0314,3312.0314,3313.5314,,"3312.1565, 3312.2851, 3312.4153, 3312.5412, 3312.5744, 3312.6705, 3312.8075, 3312.8349, 3312.9295, 3313.0568, 3313.2001, 3313.3192, 3313.4595, 3313.5973",,,4.674099999999726,,
sub-440957/sub-440957_ses-20190211T143614_behavior+ecephys+image+ogen.nwb,440957,,461,461,460,N/A,N/A,N/A,audio delay,1,right,no early,hit,0,0,3316.1866,3321.027,3316.6866,3317.5271,3317.5271,3318.1771,3318.1771,3319.3771,3319.3771,3320.8771,,"3319.5010, 3319.6075, 3319.7360, 3319.8914, 3320.0237, 3320.0436, 3320.0489, 3320.1595, 3320.3150, 3320.4533, 3320.9166",,,4.840400000000045,,
sub-440957/sub-440957_ses-20190211T143614_behavior+ecephys+image+ogen.nwb,440957,,462,462,461,N/A,N/A,N/A,audio delay,1,right,no early,hit,0,0,3323.2901,3328.0372,3323.7901,3324.5504,3324.5504,3325.2004,3325.2004,3326.4004,3326.4004,3327.9004,,"3326.5112, 3326.6404, 3326.7659, 3326.8985, 3327.0178, 3327.1480, 3327.2625, 3327.4247, 3327.4510, 3327.5416, 3327.6961, 3327.8279, 3327.8604, 3327.9882",,,4.747100000000046,,
sub-440957/sub-440957_ses-20190211T143614_behavior+ecephys+image+ogen.nwb,440957,,463,463,462,N/A,N/A,N/A,audio delay,1,left,no early,hit,0,0,3332.2441,3337.0857,3332.7441,3333.4933,3333.4933,3334.1433,3334.1433,3335.3433,3335.3433,3336.8433,"3335.5597, 3335.6682, 3335.8075, 3335.9627, 3336.0022, 3336.1009, 3336.2337, 3336.3546, 3336.3848, 3336.3976, 3336.4817",,,,4.841600000000199,,
sub-440957/sub-440957_ses-20190211T143614_behavior+ecephys+image+ogen.nwb,440957,,464,464,463,N/A,N/A,N/A,audio delay,1,left,no early,miss,0,0,3339.345,3342.6239,3339.845,3340.552,3340.552,3341.202,3341.202,3342.402,3342.402,,,3342.5239,,,3.278900000000249,,
sub-440957/sub-440957_ses-20190211T143614_behavior+ecephys+image+ogen.nwb,440957,,465,465,464,N/A,N/A,N/A,audio delay,1,left,no early,hit,0,0,3344.9289,3349.7936,3345.4289,3346.2702,3346.2702,3346.9202,3346.9202,3348.1202,3348.1202,3349.6202,"3348.2676, 3348.3889, 3348.5353, 3348.6747, 3348.8103, 3348.9226, 3349.0540, 3349.1798, 3349.2047, 3349.3169, 3349.4721, 3349.6100, 3349.7402",,,,4.864700000000084,,
sub-440957/sub-440957_ses-20190211T143614_behavior+ecephys+image+ogen.nwb,440957,,466,466,465,N/A,N/A,N/A,audio delay,1,left,no early,hit,0,0,3352.2979,3357.123,3352.7979,3353.5353,3353.5353,3354.1853,3354.1853,3355.3853,3355.3853,3356.8853,"3355.5970, 3355.7320, 3355.8617, 3356.0236, 3356.1326, 3356.2706, 3356.4084, 3356.5653, 3356.7330",,,,4.82510000000002,,
sub-440957/sub-440957_ses-20190211T143614_behavior+ecephys+image+ogen.nwb,440957,,467,467,466,N/A,N/A,N/A,audio delay,1,right,no early,hit,0,0,3359.3989,3364.1445,3359.8989,3360.6296,3360.6296,3361.2796,3361.2796,3362.4796,3362.4796,3363.9796,,"3362.6185, 3362.7387, 3362.8687, 3363.0023, 3363.1401, 3363.2635, 3363.4037, 3363.5437, 3363.6660, 3363.7951, 3363.9284, 3364.0731",,,4.74559999999974,,
sub-440957/sub-440957_ses-20190211T143614_behavior+ecephys+image+ogen.nwb,440957,,468,468,467,N/A,N/A,N/A,audio delay,1,left,no early,hit,0,0,3368.1449,3372.956,3368.6449,3369.443,3369.443,3370.093,3370.093,3371.293,3371.293,3372.793,"3371.4300, 3371.5694, 3371.7235, 3371.8575, 3372.0087, 3372.1298, 3372.2829, 3372.4319, 3372.5811",,,,4.811100000000351,,
sub-440957/sub-440957_ses-20190211T143614_behavior+ecephys+image+ogen.nwb,440957,,469,469,468,N/A,N/A,N/A,audio delay,1,left,no early,hit,0,0,3375.2221,3380.0682,3375.7221,3376.4072,3376.4072,3377.0572,3377.0572,3378.2572,3378.2572,3379.7572,"3378.5422, 3378.6982, 3378.8288, 3378.8583, 3378.9500, 3379.0800, 3379.2080, 3379.2381, 3379.3294",,,,4.846100000000206,,
sub-440957/sub-440957_ses-20190211T143614_behavior+ecephys+image+ogen.nwb,440957,,470,470,469,N/A,N/A,N/A,audio delay,1,right,no early,hit,0,0,3382.3352,3387.2633,3382.8352,3383.7058,3383.7058,3384.3558,3384.3558,3385.5558,3385.5558,3387.0558,,"3385.7373, 3385.8830, 3386.0245, 3386.1426, 3386.2837, 3386.4050, 3386.5342, 3386.6893, 3386.8138, 3386.8553, 3386.9578, 3387.0889, 3387.2561",,,4.928100000000086,,
sub-440957/sub-440957_ses-20190211T143614_behavior+ecephys+image+ogen.nwb,440957,,471,471,470,N/A,N/A,N/A,audio delay,1,left,no early,hit,0,0,3390.2935,3395.2171,3390.7935,3391.6676,3391.6676,3392.3176,3392.3176,3393.5176,3393.5176,3395.0176,"3393.6911, 3393.7138, 3393.8529",,,,4.923599999999624,,
sub-440957/sub-440957_ses-20190211T143614_behavior+ecephys+image+ogen.nwb,440957,,472,472,471,N/A,N/A,N/A,audio delay,1,left,no early,hit,0,0,3397.4815,3402.3714,3397.9815,3398.7895,3398.7895,3399.4395,3399.4395,3400.6395,3400.6395,3402.1395,"3400.8454, 3400.9434, 3401.0902, 3401.2146, 3401.3408, 3401.4694, 3401.5823, 3401.6969, 3401.8279, 3401.8578, 3401.9574, 3402.1107, 3402.2408",,,,4.889900000000125,,
sub-440957/sub-440957_ses-20190211T143614_behavior+ecephys+image+ogen.nwb,440957,,473,473,472,N/A,N/A,N/A,audio delay,1,left,no early,hit,0,0,3405.0152,3409.8904,3405.5152,3406.3607,3406.3607,3407.0107,3407.0107,3408.2107,3408.2107,3409.7107,"3408.3644, 3408.4635, 3408.6057, 3408.7166, 3408.8349, 3408.9500, 3409.0792, 3409.1995, 3409.3271, 3409.4542, 3409.4776, 3409.5896, 3409.7275, 3409.8551",,,,4.8752000000004045,,
sub-440957/sub-440957_ses-20190211T143614_behavior+ecephys+image+ogen.nwb,440957,,474,474,473,N/A,N/A,N/A,audio delay,1,left,no early,hit,0,0,3412.72,3417.5826,3413.22,3414.0516,3414.0516,3414.7016,3414.7016,3415.9016,3415.9016,3417.4016,"3416.0566, 3416.1935, 3416.3366, 3416.4656, 3416.6234, 3416.7494, 3416.8702, 3417.0013, 3417.1251, 3417.2603, 3417.3915, 3417.5195",,,,4.862600000000384,,
sub-440957/sub-440957_ses-20190211T143614_behavior+ecephys+image+ogen.nwb,440957,,475,475,474,N/A,N/A,N/A,audio delay,1,right,no early,hit,0,0,3421.2128,3426.11,3421.7128,3422.6152,3422.6152,3423.2652,3423.2652,3424.4652,3424.4652,3425.9652,,"3424.5840, 3424.6900, 3424.8313, 3424.9576, 3425.0958, 3425.2250, 3425.3574, 3425.5121, 3425.6390, 3425.7696, 3425.8911, 3426.0477",,,4.897200000000339,,
sub-440957/sub-440957_ses-20190211T143614_behavior+ecephys+image+ogen.nwb,440957,,476,476,475,N/A,N/A,N/A,audio delay,1,left,no early,hit,0,0,3429.9971,3434.8531,3430.4971,3431.2616,3431.2616,3431.9116,3431.9116,3433.1116,3433.1116,3434.6116,"3433.3271, 3433.4743, 3433.5996, 3433.7252, 3433.8733, 3433.9171, 3434.0072, 3434.1553, 3434.1879, 3434.2654, 3434.3997, 3434.5394, 3434.5860, 3434.6860, 3434.8245",,,,4.855999999999767,,
sub-440957/sub-440957_ses-20190211T143614_behavior+ecephys+image+ogen.nwb,440957,,477,477,476,1.990,5.500,0.5000,audio delay,1,right,no early,hit,0,0,3437.2809,3442.1185,3437.7809,3438.6206,3438.6206,3439.2706,3439.2706,3440.4706,3440.4706,3441.9706,,"3440.5925, 3440.7268, 3440.8362, 3440.9621, 3441.1067, 3441.2618, 3441.3985, 3441.5253, 3441.6577, 3441.8025, 3441.9415, 3442.0868",3439.2709,3439.7709,4.8375999999998385,,
sub-440957/sub-440957_ses-20190211T143614_behavior+ecephys+image+ogen.nwb,440957,,478,478,477,N/A,N/A,N/A,audio delay,1,left,no early,miss,0,0,3444.6646,3448.2123,3445.1646,3446.0646,3446.0646,3446.7146,3446.7146,3447.9146,3447.9146,,,3448.1123,,,3.547700000000077,,
sub-440957/sub-440957_ses-20190211T143614_behavior+ecephys+image+ogen.nwb,440957,,479,479,478,1.947,5.500,0.5000,audio delay,1,right,no early,hit,0,0,3450.4898,3455.3041,3450.9898,3451.7865,3451.7865,3452.4365,3452.4365,3453.6365,3453.6365,3455.1365,,"3453.7781, 3453.9079, 3454.0326, 3454.1585, 3454.2950, 3454.4268, 3454.5665, 3454.7092, 3454.8390, 3454.8802, 3454.9748, 3455.1115, 3455.2581",3452.4368,3452.9368,4.814300000000003,,
sub-440957/sub-440957_ses-20190211T143614_behavior+ecephys+image+ogen.nwb,440957,,480,480,479,2.047,5.500,0.5000,audio delay,1,left,no early,hit,0,0,3458.2606,3463.2024,3458.7606,3459.6575,3459.6575,3460.3075,3460.3075,3461.5075,3461.5075,3463.0075,"3461.6764, 3461.7950, 3461.9353, 3462.0600, 3462.1853, 3462.3242, 3462.4612, 3462.5953, 3462.6303, 3462.7140, 3462.7388, 3462.8323, 3462.9604, 3463.1032",,3460.3076,3460.8076,4.9418000000000575,,
sub-440957/sub-440957_ses-20190211T143614_behavior+ecephys+image+ogen.nwb,440957,,481,481,480,N/A,N/A,N/A,audio delay,1,left,no early,hit,0,0,3465.9785,3470.9284,3466.4785,3467.3278,3467.3278,3467.9778,3467.9778,3469.1778,3469.1778,3470.6778,"3469.4024, 3469.5227, 3469.6524, 3469.7757, 3469.9035, 3470.0584, 3470.1701, 3470.2912, 3470.4087, 3470.5455, 3470.6617, 3470.7814, 3470.9034",,,,4.949899999999616,,
sub-440957/sub-440957_ses-20190211T143614_behavior+ecephys+image+ogen.nwb,440957,,482,482,481,N/A,N/A,N/A,audio delay,1,left,no early,hit,0,0,3477.047,3482.0223,3477.547,3478.4466,3478.4466,3479.0966,3479.0966,3480.2966,3480.2966,3481.7966,"3480.4963, 3480.6203, 3480.7398, 3480.8637, 3480.9836, 3481.1063, 3481.2321, 3481.3725, 3481.4865, 3481.6142, 3481.7557, 3481.8849",,,,4.975300000000061,,
sub-440957/sub-440957_ses-20190211T143614_behavior+ecephys+image+ogen.nwb,440957,,483,483,482,N/A,N/A,N/A,audio delay,1,left,no early,hit,0,0,3484.303,3489.2818,3484.803,3485.6799,3485.6799,3486.3299,3486.3299,3487.5299,3487.5299,3489.0299,"3487.7558, 3487.8748, 3488.0101, 3488.1413, 3488.2859, 3488.4006, 3488.5414, 3488.6814, 3488.7979, 3488.8239, 3488.9163, 3489.0451, 3489.0882, 3489.1864, 3489.2077",,,,4.978800000000319,,
sub-440957/sub-440957_ses-20190211T143614_behavior+ecephys+image+ogen.nwb,440957,,484,484,483,N/A,N/A,N/A,audio delay,1,right,no early,hit,0,0,3491.9188,3496.6133,3492.4188,3493.1415,3493.1415,3493.7915,3493.7915,3494.9915,3494.9915,3496.4915,,"3495.0873, 3495.1970, 3495.3394, 3495.4653, 3495.5938, 3495.7381, 3495.8529, 3495.9776, 3496.1250, 3496.2529, 3496.3950, 3496.5370",,,4.694500000000062,,
sub-440957/sub-440957_ses-20190211T143614_behavior+ecephys+image+ogen.nwb,440957,,485,485,484,N/A,N/A,N/A,audio delay,1,right,no early,hit,0,0,3500.2483,3504.9071,3500.7483,3501.4115,3501.4115,3502.0615,3502.0615,3503.2615,3503.2615,3504.7615,,"3503.3811, 3503.4976, 3503.6393, 3503.7829, 3503.9107, 3504.0454, 3504.1976, 3504.3247, 3504.4514, 3504.6078, 3504.7456, 3504.8855",,,4.658799999999701,,
sub-440957/sub-440957_ses-20190211T143614_behavior+ecephys+image+ogen.nwb,440957,,486,486,485,N/A,N/A,N/A,audio delay,1,left,no early,hit,0,0,3507.1864,3512.1381,3507.6864,3508.5187,3508.5187,3509.1687,3509.1687,3510.3687,3510.3687,3511.8687,"3510.6121, 3510.7378, 3510.8698, 3510.9953, 3511.1406, 3511.2733, 3511.3979, 3511.5113, 3511.6528, 3511.7672, 3511.8946, 3512.0343",,,,4.9517000000000735,,
sub-440957/sub-440957_ses-20190211T143614_behavior+ecephys+image+ogen.nwb,440957,,487,487,486,N/A,N/A,N/A,audio delay,1,right,no early,hit,0,0,3516.3876,3521.3342,3516.8876,3517.751,3517.751,3518.401,3518.401,3519.601,3519.601,3521.101,,"3519.8082, 3519.9172, 3520.0637, 3520.2043, 3520.3312, 3520.4623, 3520.4880, 3520.5885, 3520.7214, 3520.8660, 3520.9871, 3521.1168, 3521.2656",,,4.946599999999762,,
sub-440957/sub-440957_ses-20190211T143614_behavior+ecephys+image+ogen.nwb,440957,,488,488,487,N/A,N/A,N/A,audio delay,1,left,no early,hit,0,0,3524.2439,3529.0857,3524.7439,3525.4901,3525.4901,3526.1401,3526.1401,3527.3401,3527.3401,3528.8401,"3527.5597, 3527.6851, 3527.7205, 3527.8266, 3527.9636, 3528.1018, 3528.2364, 3528.3839, 3528.5037, 3528.5268, 3528.6185, 3528.7471, 3528.8652, 3528.9988",,,,4.841800000000148,,
sub-440957/sub-440957_ses-20190211T143614_behavior+ecephys+image+ogen.nwb,440957,,489,489,488,N/A,N/A,N/A,audio delay,1,left,no early,hit,0,0,3535.0171,3539.76,3535.5171,3536.1996,3536.1996,3536.8496,3536.8496,3538.0496,3538.0496,3539.5496,"3538.2340, 3538.3439, 3538.4742, 3538.5983, 3538.7115, 3538.8266, 3538.9585, 3539.0677, 3539.1913, 3539.3238, 3539.4538, 3539.5679, 3539.7095",,,,4.742900000000191,,
sub-440957/sub-440957_ses-20190211T143614_behavior+ecephys+image+ogen.nwb,440957,,490,490,489,N/A,N/A,N/A,audio delay,1,right,no early,hit,0,0,3542.4315,3547.2722,3542.9315,3543.7113,3543.7113,3544.3613,3544.3613,3545.5613,3545.5613,3547.0613,3543.0869,"3545.7462, 3545.8540, 3545.9951, 3546.1336, 3546.2667, 3546.3895, 3546.5170, 3546.6703, 3546.7929, 3546.9287, 3547.0834, 3547.2151",,,4.840699999999742,,
sub-440957/sub-440957_ses-20190211T143614_behavior+ecephys+image+ogen.nwb,440957,,491,491,490,N/A,N/A,N/A,audio delay,1,left,no early,hit,0,0,3550.2087,3554.9546,3550.7087,3551.4484,3551.4484,3552.0984,3552.0984,3553.2984,3553.2984,3554.7984,"3553.4286, 3553.5616, 3553.7129, 3553.8346, 3553.9674, 3554.0888, 3554.1120, 3554.2207, 3554.3320, 3554.4499, 3554.5715, 3554.7004, 3554.8343",,,,4.745899999999892,,
sub-440957/sub-440957_ses-20190211T143614_behavior+ecephys+image+ogen.nwb,440957,,492,492,491,N/A,N/A,N/A,audio delay,1,left,no early,miss,0,0,3558.4038,3561.6757,3558.9038,3559.605,3559.605,3560.255,3560.255,3561.455,3561.455,,,3561.5757,,,3.2718999999997322,,
sub-440957/sub-440957_ses-20190211T143614_behavior+ecephys+image+ogen.nwb,440957,,493,493,492,N/A,N/A,N/A,audio delay,1,left,no early,hit,0,0,3564.3331,3569.1503,3564.8331,3565.5284,3565.5284,3566.1784,3566.1784,3567.3784,3567.3784,3568.8784,"3567.6243, 3567.7503, 3567.8886, 3568.0147, 3568.1542, 3568.2970, 3568.3168, 3568.4184, 3568.5453, 3568.6667, 3568.8084, 3568.9378, 3569.0692",,,,4.817199999999957,,
sub-440957/sub-440957_ses-20190211T143614_behavior+ecephys+image+ogen.nwb,440957,,494,494,493,N/A,N/A,N/A,audio delay,1,right,no early,hit,0,0,3571.9668,3576.8043,3572.4668,3573.2946,3573.2946,3573.9446,3573.9446,3575.1446,3575.1446,3576.6446,,"3575.2783, 3575.3986, 3575.4433, 3575.5404, 3575.6769, 3575.8201, 3575.9562, 3576.0844, 3576.2147, 3576.3638, 3576.5044, 3576.6524",,,4.837499999999636,,
sub-440957/sub-440957_ses-20190211T143614_behavior+ecephys+image+ogen.nwb,440957,,495,495,494,N/A,N/A,N/A,audio delay,1,left,no early,hit,0,0,3579.0979,3583.8964,3579.5979,3580.2971,3580.2971,3580.9471,3580.9471,3582.1471,3582.1471,3583.6471,"3582.3704, 3582.4975, 3582.6477, 3582.7743, 3582.9073, 3583.0276, 3583.1483, 3583.2736, 3583.4097, 3583.4333, 3583.5502, 3583.6714, 3583.8040",,,,4.798499999999876,,
sub-440957/sub-440957_ses-20190211T143614_behavior+ecephys+image+ogen.nwb,440957,,496,496,495,N/A,N/A,N/A,audio delay,1,right,no early,hit,0,0,3588.2944,3593.1754,3588.7944,3589.5722,3589.5722,3590.2222,3590.2222,3591.4222,3591.4222,3592.9222,,"3591.6494, 3591.7532, 3591.9021, 3592.0390, 3592.1695, 3592.2891, 3592.3227, 3592.4244, 3592.5505, 3592.6904, 3592.8153, 3592.9499, 3593.0986",,,4.880999999999858,,
sub-440957/sub-440957_ses-20190211T143614_behavior+ecephys+image+ogen.nwb,440957,,497,497,496,N/A,N/A,N/A,audio delay,1,right,no early,hit,0,0,3595.6652,3600.3328,3596.1652,3596.8391,3596.8391,3597.4891,3597.4891,3598.6891,3598.6891,3600.1891,,"3598.8068, 3598.9374, 3598.9657, 3599.0735, 3599.2003, 3599.3280, 3599.4641, 3599.5922, 3599.7173, 3599.8601, 3600.0035, 3600.1259, 3600.2622",,,4.6676000000002205,,
sub-440957/sub-440957_ses-20190211T143614_behavior+ecephys+image+ogen.nwb,440957,,498,498,497,2.056,5.500,0.5000,audio delay,1,right,no early,hit,0,0,3603.1283,3608.015,3603.6283,3604.5342,3604.5342,3605.1842,3605.1842,3606.3842,3606.3842,3607.8842,,"3606.4890, 3606.5991, 3606.7344, 3606.8566, 3606.9808, 3607.1081, 3607.1404, 3607.1450, 3607.2427, 3607.3805, 3607.5182, 3607.6377, 3607.7625, 3607.9003",3605.1843,3605.6843,4.886700000000019,,
sub-440957/sub-440957_ses-20190211T143614_behavior+ecephys+image+ogen.nwb,440957,,499,499,498,N/A,N/A,N/A,audio delay,1,left,no early,miss,0,0,3611.5296,3614.8768,3612.0296,3612.7033,3612.7033,3613.3533,3613.3533,3614.5533,3614.5533,,,3614.7768,,,3.347200000000157,,
sub-440957/sub-440957_ses-20190211T143614_behavior+ecephys+image+ogen.nwb,440957,,500,500,499,N/A,N/A,N/A,audio delay,1,left,no early,hit,0,0,3617.6135,3622.5869,3618.1135,3618.9653,3618.9653,3619.6153,3619.6153,3620.8153,3620.8153,3622.3153,"3621.0609, 3621.1936, 3621.3415, 3621.4784, 3621.5951, 3621.7259, 3621.8569, 3621.9801, 3622.1082, 3622.2330, 3622.3551, 3622.4758",,,,4.973399999999856,,
sub-440957/sub-440957_ses-20190211T143614_behavior+ecephys+image+ogen.nwb,440957,,501,501,500,N/A,N/A,N/A,audio delay,1,left,no early,hit,0,0,3625.7626,3630.6393,3626.2626,3627.0366,3627.0366,3627.6866,3627.6866,3628.8866,3628.8866,3630.3866,"3629.1133, 3629.2297, 3629.3794, 3629.5166, 3629.6453, 3629.7675, 3629.8960, 3630.0069, 3630.1357, 3630.2610, 3630.3902, 3630.5524",,,,4.876699999999801,,
sub-440957/sub-440957_ses-20190211T143614_behavior+ecephys+image+ogen.nwb,440957,,502,502,501,N/A,N/A,N/A,audio delay,1,left,no early,hit,0,0,3633.1482,3638.0957,3633.6482,3634.4739,3634.4739,3635.1239,3635.1239,3636.3239,3636.3239,3637.8239,"3636.5697, 3636.6996, 3636.8426, 3636.9716, 3637.0976, 3637.2181, 3637.3451, 3637.4726, 3637.5959, 3637.7268, 3637.8675, 3637.9978",,,,4.9474999999997635,,
sub-440957/sub-440957_ses-20190211T143614_behavior+ecephys+image+ogen.nwb,440957,,503,503,502,1.848,5.500,0.5000,audio delay,1,right,no early,hit,0,0,3642.0072,3646.8375,3642.5072,3643.2049,3643.2049,3643.8549,3643.8549,3645.0549,3645.0549,3646.5549,,"3645.3115, 3645.4361, 3645.4591, 3645.5788, 3645.7024, 3645.7223, 3645.8335, 3645.9694, 3646.1089, 3646.2299, 3646.3814, 3646.5223, 3646.6574, 3646.8134",3643.8552,3644.3552,4.830300000000079,,
sub-440957/sub-440957_ses-20190211T143614_behavior+ecephys+image+ogen.nwb,440957,,504,504,503,N/A,N/A,N/A,audio delay,1,right,no early,hit,0,0,3650.4083,3655.1502,3650.9083,3651.6166,3651.6166,3652.2666,3652.2666,3653.4666,3653.4666,3654.9666,,"3653.6242, 3653.7534, 3653.8798, 3654.0005, 3654.1500, 3654.2914, 3654.4136, 3654.5465, 3654.6801, 3654.8278, 3654.9557, 3655.0846",,,4.741899999999987,,
sub-440957/sub-440957_ses-20190211T143614_behavior+ecephys+image+ogen.nwb,440957,,505,505,504,N/A,N/A,N/A,audio delay,1,left,no early,hit,0,0,3657.8295,3662.6302,3658.3295,3659.1389,3659.1389,3659.7889,3659.7889,3660.9889,3660.9889,3662.4889,"3661.1042, 3661.2570, 3661.3968, 3661.5248, 3661.6557, 3661.7931, 3661.9194, 3662.0507, 3662.1960, 3662.3183, 3662.4917, 3662.6132",,,,4.800700000000234,,
sub-440957/sub-440957_ses-20190211T143614_behavior+ecephys+image+ogen.nwb,440957,,506,506,505,N/A,N/A,N/A,audio delay,1,left,no early,miss,0,0,3665.2122,3668.4835,3665.7122,3666.4373,3666.4373,3667.0873,3667.0873,3668.2873,3668.2873,,,3668.3835,,,3.271299999999883,,
sub-440957/sub-440957_ses-20190211T143614_behavior+ecephys+image+ogen.nwb,440957,,507,507,506,N/A,N/A,N/A,audio delay,1,right,no early,miss,0,0,3670.8188,3674.2496,3671.3188,3672.153,3672.153,3672.803,3672.803,3674.003,3674.003,,3674.1496,,,,3.43080000000009,,
sub-440957/sub-440957_ses-20190211T143614_behavior+ecephys+image+ogen.nwb,440957,,508,508,507,N/A,N/A,N/A,audio delay,1,left,no early,hit,0,0,3676.7647,3681.6067,3677.2647,3678.1075,3678.1075,3678.7575,3678.7575,3679.9575,3679.9575,3681.4575,"3680.0807, 3680.2085, 3680.3510, 3680.4708, 3680.6132, 3680.7367, 3680.8605, 3680.9904, 3681.1154, 3681.2396, 3681.3726, 3681.5184",,,,4.8419999999996435,,
sub-440957/sub-440957_ses-20190211T143614_behavior+ecephys+image+ogen.nwb,440957,,509,509,508,N/A,N/A,N/A,audio delay,1,left,no early,miss,0,0,3683.9925,3687.4243,3684.4925,3685.3514,3685.3514,3686.0014,3686.0014,3687.2014,3687.2014,,,3687.3243,,,3.431800000000294,,
sub-440957/sub-440957_ses-20190211T143614_behavior+ecephys+image+ogen.nwb,440957,,510,510,509,N/A,N/A,N/A,audio delay,1,right,no early,hit,0,0,3689.7524,3694.4485,3690.2524,3690.9692,3690.9692,3691.6192,3691.6192,3692.8192,3692.8192,3694.3192,,"3692.9225, 3693.0512, 3693.1828, 3693.3189, 3693.4415, 3693.5739, 3693.6993, 3693.8411, 3693.9588, 3694.0952, 3694.2520, 3694.3854",,,4.696100000000115,,
sub-440957/sub-440957_ses-20190211T143614_behavior+ecephys+image+ogen.nwb,440957,,511,511,510,1.817,5.500,0.5000,audio delay,1,left,no early,miss,0,0,3697.124,3700.3374,3697.624,3698.2913,3698.2913,3698.9413,3698.9413,3700.1413,3700.1413,,,3700.2374,3698.9410,3699.4410,3.2134000000000924,,
sub-440957/sub-440957_ses-20190211T143614_behavior+ecephys+image+ogen.nwb,440957,,512,512,511,N/A,N/A,N/A,audio delay,1,left,no early,hit,0,0,3702.8628,3707.7141,3703.3628,3704.076,3704.076,3704.726,3704.726,3705.926,3705.926,3707.426,"3706.1881, 3706.3440, 3706.4616, 3706.6006, 3706.7615, 3706.8755, 3707.0033, 3707.1332, 3707.2595, 3707.4049, 3707.5446",,,,4.851300000000265,,
sub-440957/sub-440957_ses-20190211T143614_behavior+ecephys+image+ogen.nwb,440957,,513,513,512,N/A,N/A,N/A,audio delay,1,left,no early,miss,0,0,3710.0216,3713.3596,3710.5216,3711.2426,3711.2426,3711.8926,3711.8926,3713.0926,3713.0926,,,3713.2596,,,3.337999999999738,,
sub-440957/sub-440957_ses-20190211T143614_behavior+ecephys+image+ogen.nwb,440957,,514,514,513,N/A,N/A,N/A,audio delay,1,left,no early,hit,0,0,3715.6944,3720.709,3716.1944,3717.0745,3717.0745,3717.7245,3717.7245,3718.9245,3718.9245,3720.4245,"3719.1830, 3719.3084, 3719.4453, 3719.5776, 3719.6998, 3719.8146, 3719.9427, 3719.9665, 3720.0732, 3720.1921, 3720.2164, 3720.3152, 3720.4384, 3720.5629, 3720.6940",,,,5.014599999999973,,
sub-440957/sub-440957_ses-20190211T143614_behavior+ecephys+image+ogen.nwb,440957,,515,515,514,N/A,N/A,N/A,audio delay,1,right,no early,hit,0,0,3728.2734,3733.1081,3728.7734,3729.5927,3729.5927,3730.2427,3730.2427,3731.4427,3731.4427,3732.9427,,"3731.5821, 3731.6929, 3731.8265, 3731.9823, 3732.1191, 3732.2401, 3732.3954, 3732.5158, 3732.6598, 3732.8390, 3732.9626, 3733.1007",,,4.834699999999884,,
sub-440957/sub-440957_ses-20190211T143614_behavior+ecephys+image+ogen.nwb,440957,,516,516,515,N/A,N/A,N/A,audio delay,1,right,no early,hit,0,0,3736.4244,3741.1958,3736.9244,3737.7288,3737.7288,3738.3788,3738.3788,3739.5788,3739.5788,3741.0788,,"3739.6698, 3739.7820, 3739.9344, 3740.0702, 3740.2047, 3740.3346, 3740.3594, 3740.4802, 3740.6046, 3740.7522, 3740.8909, 3741.0319, 3741.1717",,,4.771400000000085,,
sub-440957/sub-440957_ses-20190211T143614_behavior+ecephys+image+ogen.nwb,440957,,517,517,516,N/A,N/A,N/A,audio delay,1,right,no early,hit,0,0,3744.3838,3749.2074,3744.8838,3745.6926,3745.6926,3746.3426,3746.3426,3747.5426,3747.5426,3749.0426,,"3747.6814, 3747.7949, 3747.9371, 3748.0771, 3748.2050, 3748.3587, 3748.4747, 3748.6149, 3748.7527, 3748.9070, 3748.9356, 3749.0533, 3749.1758",,,4.823599999999715,,
sub-440957/sub-440957_ses-20190211T143614_behavior+ecephys+image+ogen.nwb,440957,,518,518,517,N/A,N/A,N/A,audio delay,1,right,no early,miss,0,0,3752.2255,3755.6066,3752.7255,3753.4007,3753.4007,3754.0507,3754.0507,3755.2507,3755.2507,,3755.5066,,,,3.3811000000000604,,
sub-440957/sub-440957_ses-20190211T143614_behavior+ecephys+image+ogen.nwb,440957,,519,519,518,N/A,N/A,N/A,audio delay,1,left,no early,hit,0,0,3757.9687,3762.8737,3758.4687,3759.3129,3759.3129,3759.9629,3759.9629,3761.1629,3761.1629,3762.6629,"3761.3477, 3761.4690, 3761.6238, 3761.7395, 3761.8937, 3762.0317, 3762.0648, 3762.1602, 3762.2953, 3762.4215, 3762.5675, 3762.7069, 3762.8434, 3762.8698",,,,4.9050000000002,,
sub-440957/sub-440957_ses-20190211T143614_behavior+ecephys+image+ogen.nwb,440957,,520,520,519,N/A,N/A,N/A,audio delay,1,left,no early,hit,0,0,3765.8644,3770.6721,3766.3644,3767.0727,3767.0727,3767.7227,3767.7227,3768.9227,3768.9227,3770.4227,"3769.1461, 3769.2714, 3769.4028, 3769.5338, 3769.6663, 3769.8153, 3769.8538, 3769.9391, 3770.0641, 3770.2021, 3770.3212, 3770.4556, 3770.5856",,,,4.807699999999841,,
